customer_id,name,email,country,signup_date
1,Gabriela Rodriguez,gabriela.rodriguez98@yahoo.com,Peru,2022-05-10
2,Eduardo Perez,eduardo.perez23@yahoo.com,Peru,2021-07-26
3,Rafael Gomez,rafael.gomez76@gmail.com,España,2021-12-11
4,Ricardo Gonzalez,ricardo.gonzalez73@yahoo.com,USA,2023-07-10
5,Laura Castillo,laura.castillo5@gmail.com,Mexico,2020-08-10
6,Ana Jimenez,ana.jimenez62@gmail.com,Argentina,2024-11-20
7,Jose Rivera,jose.rivera92@yahoo.com,USA,2021-08-18
8,Jose Medina,jose.medina91@yahoo.com,USA,2019-03-31
9,Cristina Gomez,cristina.gomez10@hotmail.com,España,2022-06-09
10,Jorge Flores,jorge.flores42@yahoo.com,Colombia,2022-11-25
11,Daniela Rivera,daniela.rivera23@empresa.mx,España,2024-11-18
12,Sofia Medina,sofia.medina23@outlook.com,Argentina,2021-04-21
13,Natalia Garcia,natalia.garcia90@empresa.mx,Chile,2024-05-13
14,Alejandra Rivera,alejandra.rivera79@yahoo.com,España,2024-05-05
15,Daniela Gonzalez,daniela.gonzalez43@gmail.com,Colombia,2021-11-21
16,Laura Martinez,laura.martinez91@hotmail.com,Chile,2018-02-16
17,Sofia Martinez,sofia.martinez45@hotmail.com,USA,2019-03-19
18,Luis Diaz,luis.diaz57@outlook.com,Colombia,2022-08-23
19,Andres Gomez,andres.gomez70@outlook.com,Mexico,2023-05-18
20,Ricardo Ramirez,ricardo.ramirez21@outlook.com,Mexico,2018-05-17
21,Jorge Torres,jorge.torres14@gmail.com,Argentina,2019-11-28
22,Laura Martinez,laura.martinez71@gmail.com,Argentina,2024-08-30
23,Daniela Garcia,daniela.garcia56@yahoo.com,Peru,2022-11-14
24,Maria Rivera,maria.rivera27@yahoo.com,Chile,2024-03-19
25,Natalia Herrera,natalia.herrera34@hotmail.com,Argentina,2020-08-30
26,Andres Medina,andres.medina71@outlook.com,Colombia,2018-08-12
27,Isabella Martinez,isabella.martinez38@empresa.mx,Chile,2020-03-28
28,Pedro Perez,pedro.perez82@hotmail.com,Mexico,2023-04-24
29,Valentina Diaz,valentina.diaz61@outlook.com,España,2020-12-21
30,Gabriela Diaz,gabriela.diaz24@hotmail.com,Chile,2022-02-22
31,Luis Torres,luis.torres57@outlook.com,Argentina,2020-07-15
32,Ricardo Rodriguez,ricardo.rodriguez20@gmail.com,Mexico,2021-11-09
33,Isabella Medina,isabella.medina30@empresa.mx,Mexico,2022-05-05
34,Isabella Herrera,isabella.herrera88@outlook.com,Peru,2020-08-23
35,Carlos Diaz,carlos.diaz92@gmail.com,Peru,2024-05-28
36,Paola Medina,paola.medina87@empresa.mx,Colombia,2019-05-08
37,Miguel Perez,miguel.perez22@yahoo.com,USA,2020-02-29
38,Isabella Martinez,isabella.martinez88@outlook.com,Colombia,2019-08-29
39,Diego Rivera,diego.rivera94@gmail.com,Mexico,2022-05-09
40,Gabriela Rivera,gabriela.rivera36@empresa.mx,Chile,2018-02-20
41,Alejandra Medina,alejandra.medina67@outlook.com,Mexico,2022-08-25
42,Ricardo Medina,ricardo.medina75@gmail.com,Mexico,2024-04-23
43,Paola Flores,paola.flores69@hotmail.com,Chile,2020-12-17
44,Daniela Medina,daniela.medina78@outlook.com,Mexico,2019-12-07
45,Jose Cruz,jose.cruz78@outlook.com,Mexico,2022-06-10
46,Jorge Ramirez,,Argentina,2022-03-06
47,Eduardo Flores,eduardo.flores40@hotmail.com,USA,2023-07-07
48,Monica Lopez,monica.lopez30@yahoo.com,Argentina,2022-12-20
49,Jorge Torres,jorge.torres94@outlook.com,Peru,2019-01-01
50,Pedro Morales,pedro.morales95@outlook.com,USA,2023-10-17
51,Eduardo Rodriguez,eduardo.rodriguez66@yahoo.com,Mexico,2021-06-28
52,Andres Gonzalez,andres.gonzalez68@empresa.mx,Mexico,2019-12-13
53,Eduardo Sanchez,eduardo.sanchez8@yahoo.com,Mexico,2023-02-13
54,Camila Sanchez,camila.sanchez36@hotmail.com,USA,2023-03-17
55,Sergio Lopez,sergio.lopez88@gmail.com,Colombia,2022-03-06
56,Miguel Perez,miguel.perez61@empresa.mx,Peru,2021-12-03
57,Eduardo Torres,eduardo.torres96@gmail.com,Argentina,2018-04-23
58,Laura Medina,laura.medina28@yahoo.com,España,2020-07-11
59,Diego Morales,diego.morales66@gmail.com,USA,2018-02-06
60,Jose Perez,jose.perez77@gmail.com,Colombia,2020-10-30
61,Valentina Torres,valentina.torres55@outlook.com,USA,2021-11-29
62,Pedro Vargas,pedro.vargas39@empresa.mx,USA,2024-12-29
63,Maria Garcia,maria.garcia66@hotmail.com,Peru,2024-08-29
64,Valentina Lopez,valentina.lopez62@gmail.com,Argentina,2021-02-06
65,Cristina Torres,cristina.torres34@hotmail.com,Colombia,2019-09-07
66,Sofia Rodriguez,sofia.rodriguez77@outlook.com,España,2021-08-02
67,Natalia Garcia,natalia.garcia84@outlook.com,Argentina,2020-11-28
68,Andres Diaz,andres.diaz95@gmail.com,Peru,2024-06-01
69,Jorge Ramirez,jorge.ramirez88@empresa.mx,España,2023-05-03
70,Monica Gomez,monica.gomez65@hotmail.com,USA,2019-11-28
71,Gabriela Perez,gabriela.perez38@gmail.com,Chile,2019-06-09
72,Natalia Herrera,natalia.herrera98@yahoo.com,España,2021-10-06
73,Sofia Gomez,sofia.gomez29@hotmail.com,Chile,2021-09-19
74,Ricardo Flores,ricardo.flores60@gmail.com,Chile,2018-08-08
75,Ricardo Medina,ricardo.medina80@gmail.com,Chile,2020-03-07
76,Cristina Diaz,cristina.diaz68@hotmail.com,Chile,2018-08-10
77,Jose Gonzalez,jose.gonzalez26@hotmail.com,Chile,2024-05-21
78,Miguel Gonzalez,miguel.gonzalez41@yahoo.com,USA,2018-11-28
79,Sergio Perez,sergio.perez41@gmail.com,Mexico,2023-01-26
80,Hector Perez,hector.perez74@yahoo.com,Chile,2018-12-27
81,Isabella Morales,,Chile,2022-04-20
82,Gabriela Sanchez,gabriela.sanchez94@hotmail.com,Mexico,2021-08-12
83,Fernando Sanchez,fernando.sanchez3@gmail.com,España,2020-10-16
84,Camila Flores,camila.flores17@gmail.com,Chile,2023-08-24
85,Laura Martinez,laura.martinez6@hotmail.com,Argentina,2023-02-11
86,Alejandra Jimenez,alejandra.jimenez44@outlook.com,España,2019-07-03
87,Daniela Gomez,,Colombia,2022-07-11
88,Sofia Gonzalez,sofia.gonzalez28@gmail.com,Peru,2023-08-29
89,Camila Rodriguez,camila.rodriguez49@hotmail.com,USA,2023-12-31
90,Alejandra Rodriguez,alejandra.rodriguez85@gmail.com,España,2018-03-22
91,Maria Morales,maria.morales57@outlook.com,Mexico,2024-02-20
92,Rafael Gonzalez,rafael.gonzalez27@gmail.com,Argentina,2022-09-20
93,Monica Jimenez,monica.jimenez35@empresa.mx,Peru,2019-07-16
94,Maria Jimenez,maria.jimenez93@empresa.mx,Mexico,2021-03-03
95,Maria Castillo,maria.castillo26@empresa.mx,Colombia,2020-12-13
96,Pedro Gomez,pedro.gomez91@outlook.com,Argentina,2019-10-19
97,Daniela Sanchez,,Argentina,2020-08-18
98,Monica Martinez,monica.martinez15@empresa.mx,España,2023-07-17
99,Carlos Jimenez,carlos.jimenez10@gmail.com,Argentina,2020-08-04
100,Valentina Torres,valentina.torres60@gmail.com,Mexico,2019-12-17
101,Cristina Flores,cristina.flores47@hotmail.com,Chile,2019-04-20
102,Hector Rodriguez,hector.rodriguez2@yahoo.com,España,2019-11-30
103,Miguel Cruz,miguel.cruz35@gmail.com,Argentina,2021-11-04
104,Andres Diaz,andres.diaz59@hotmail.com,USA,2022-04-29
105,Daniela Morales,daniela.morales84@yahoo.com,Mexico,2019-06-27
106,Luis Perez,luis.perez14@outlook.com,Peru,2023-06-01
107,Monica Vargas,monica.vargas24@empresa.mx,Chile,2022-01-08
108,Cristina Gonzalez,cristina.gonzalez62@outlook.com,Mexico,2022-08-12
109,Carlos Torres,carlos.torres84@hotmail.com,Mexico,2023-11-20
110,Ricardo Medina,ricardo.medina29@hotmail.com,Peru,2023-11-13
111,Alejandra Lopez,alejandra.lopez56@yahoo.com,Chile,2021-11-17
112,Sergio Diaz,,Peru,2018-08-12
113,Laura Jimenez,laura.jimenez61@outlook.com,USA,2019-11-09
114,Daniela Rivera,daniela.rivera31@hotmail.com,Argentina,2018-07-26
115,Gabriela Diaz,gabriela.diaz52@yahoo.com,Mexico,2023-02-24
116,Ricardo Vargas,ricardo.vargas12@outlook.com,Chile,2021-07-18
117,Daniela Garcia,daniela.garcia14@outlook.com,Chile,2018-05-27
118,Ana Martinez,ana.martinez78@empresa.mx,España,2021-06-01
119,Gabriela Sanchez,gabriela.sanchez84@outlook.com,Argentina,2022-01-28
120,Eduardo Ramirez,eduardo.ramirez59@hotmail.com,Peru,2024-12-13
121,Rafael Gomez,rafael.gomez92@outlook.com,Mexico,2019-02-04
122,Sofia Garcia,sofia.garcia44@hotmail.com,USA,2021-04-10
123,Camila Lopez,camila.lopez6@yahoo.com,Chile,2019-07-30
124,Natalia Morales,natalia.morales14@hotmail.com,Peru,2020-03-13
125,Cristina Diaz,cristina.diaz28@outlook.com,USA,2020-02-20
126,Maria Morales,maria.morales6@empresa.mx,Mexico,2023-01-20
127,Ricardo Jimenez,ricardo.jimenez18@outlook.com,Mexico,2023-12-13
128,Gabriela Morales,gabriela.morales75@outlook.com,Peru,2019-12-27
129,Laura Gonzalez,laura.gonzalez14@outlook.com,España,2024-09-25
130,Jorge Jimenez,jorge.jimenez50@outlook.com,Peru,2020-10-13
131,Jorge Flores,jorge.flores58@yahoo.com,Colombia,2022-08-18
132,Natalia Jimenez,natalia.jimenez39@empresa.mx,USA,2021-07-09
133,Gabriela Sanchez,gabriela.sanchez26@yahoo.com,Peru,2021-04-05
134,Monica Gonzalez,monica.gonzalez91@yahoo.com,Peru,2024-02-01
135,Jorge Lopez,jorge.lopez98@hotmail.com,Peru,2023-05-22
136,Monica Morales,monica.morales87@empresa.mx,Argentina,2022-09-27
137,Fernando Lopez,fernando.lopez4@outlook.com,Colombia,2018-08-06
138,Pedro Torres,pedro.torres97@yahoo.com,Argentina,2020-10-23
139,Luis Flores,luis.flores27@empresa.mx,Mexico,2022-01-09
140,Maria Cruz,maria.cruz87@empresa.mx,USA,2020-07-07
141,Gabriela Diaz,gabriela.diaz31@empresa.mx,USA,2021-03-24
142,Luis Diaz,luis.diaz50@outlook.com,USA,2021-07-04
143,Luis Garcia,luis.garcia96@hotmail.com,Colombia,2024-12-16
144,Cristina Vargas,cristina.vargas29@hotmail.com,USA,2024-08-07
145,Alejandra Sanchez,alejandra.sanchez93@yahoo.com,Argentina,2023-01-13
146,Monica Martinez,monica.martinez24@yahoo.com,España,2023-10-06
147,Luis Morales,luis.morales36@empresa.mx,Argentina,2019-06-17
148,Cristina Torres,cristina.torres1@hotmail.com,Chile,2019-09-27
149,Jorge Cruz,jorge.cruz7@empresa.mx,USA,2021-05-18
150,Ricardo Herrera,ricardo.herrera46@gmail.com,USA,2021-07-25
151,Laura Jimenez,laura.jimenez9@empresa.mx,Colombia,2022-08-31
152,Andres Martinez,andres.martinez45@yahoo.com,Colombia,2021-09-21
153,Valentina Sanchez,valentina.sanchez97@empresa.mx,Peru,2023-04-30
154,Eduardo Garcia,eduardo.garcia15@hotmail.com,Chile,2020-09-11
155,Alejandra Cruz,alejandra.cruz32@gmail.com,España,2021-08-07
156,Paola Lopez,,Peru,2021-03-04
157,Fernando Gomez,fernando.gomez66@empresa.mx,Chile,2023-06-17
158,Sergio Sanchez,sergio.sanchez42@empresa.mx,Mexico,2019-01-29
159,Hector Herrera,hector.herrera69@gmail.com,España,2018-09-26
160,Sergio Sanchez,sergio.sanchez88@outlook.com,USA,2019-03-02
161,Eduardo Morales,,España,2019-09-22
162,Rafael Rivera,rafael.rivera5@gmail.com,Mexico,2018-08-11
163,Diego Herrera,diego.herrera10@empresa.mx,USA,2020-07-21
164,Isabella Diaz,,Chile,2021-07-19
165,Monica Lopez,monica.lopez69@gmail.com,España,2024-12-07
166,Natalia Medina,natalia.medina6@gmail.com,Argentina,2023-08-22
167,Paola Flores,paola.flores78@gmail.com,Argentina,2022-11-28
168,Eduardo Garcia,eduardo.garcia61@yahoo.com,Peru,2020-06-19
169,Andres Herrera,andres.herrera38@yahoo.com,Argentina,2022-03-09
170,Ana Herrera,,Mexico,2018-06-21
171,Alejandra Diaz,alejandra.diaz69@empresa.mx,Mexico,2021-06-02
172,Natalia Gomez,natalia.gomez28@outlook.com,España,2023-10-01
173,Laura Ramirez,laura.ramirez79@hotmail.com,Colombia,2019-04-15
174,Paola Medina,paola.medina7@empresa.mx,Chile,2024-03-01
175,Monica Martinez,monica.martinez33@gmail.com,Colombia,2024-07-06
176,Jorge Gomez,jorge.gomez17@yahoo.com,Mexico,2021-03-13
177,Pedro Rivera,pedro.rivera63@outlook.com,Argentina,2024-11-29
178,Rafael Medina,rafael.medina20@empresa.mx,Peru,2022-02-01
179,Isabella Perez,isabella.perez1@hotmail.com,Colombia,2020-06-26
180,Sergio Morales,sergio.morales36@hotmail.com,Colombia,2021-09-20
181,Miguel Vargas,miguel.vargas46@hotmail.com,Chile,2024-03-09
182,Sergio Cruz,sergio.cruz11@hotmail.com,USA,2019-07-28
183,Pedro Torres,pedro.torres94@gmail.com,España,2018-11-05
184,Cristina Jimenez,cristina.jimenez81@gmail.com,USA,2024-07-11
185,Hector Medina,hector.medina28@gmail.com,Peru,2020-12-03
186,Gabriela Castillo,gabriela.castillo84@yahoo.com,Argentina,2022-05-27
187,Hector Medina,hector.medina94@hotmail.com,Colombia,2023-03-19
188,Carlos Diaz,carlos.diaz47@empresa.mx,Mexico,2020-09-05
189,Paola Cruz,paola.cruz88@yahoo.com,USA,2023-10-07
190,Laura Perez,laura.perez73@empresa.mx,España,2019-08-22
191,Daniela Gomez,daniela.gomez6@yahoo.com,USA,2023-06-21
192,Diego Gomez,diego.gomez30@gmail.com,España,2020-04-26
193,Paola Gomez,paola.gomez50@outlook.com,Chile,2018-07-10
194,Sergio Rivera,sergio.rivera14@empresa.mx,España,2021-01-25
195,Diego Medina,diego.medina70@empresa.mx,Colombia,2022-03-23
196,Camila Medina,camila.medina84@gmail.com,Peru,2020-10-27
197,Sofia Jimenez,sofia.jimenez52@hotmail.com,USA,2021-11-14
198,Daniela Cruz,daniela.cruz1@empresa.mx,Colombia,2022-12-07
199,Carlos Jimenez,carlos.jimenez83@hotmail.com,Colombia,2019-09-08
200,Camila Cruz,camila.cruz92@gmail.com,España,2020-08-01
201,Jorge Lopez,jorge.lopez62@outlook.com,Chile,2020-05-13
202,Sergio Morales,sergio.morales3@yahoo.com,Mexico,2019-06-08
203,Laura Gonzalez,laura.gonzalez81@empresa.mx,Mexico,2024-06-02
204,Laura Torres,laura.torres24@empresa.mx,Chile,2024-09-20
205,Sergio Garcia,sergio.garcia93@hotmail.com,Mexico,2020-06-06
206,Daniela Castillo,daniela.castillo22@yahoo.com,USA,2022-08-10
207,Paola Medina,paola.medina99@yahoo.com,Peru,2023-09-24
208,Natalia Rivera,natalia.rivera59@empresa.mx,Peru,2018-10-09
209,Andres Gonzalez,andres.gonzalez14@gmail.com,Colombia,2023-11-12
210,Fernando Morales,fernando.morales20@empresa.mx,Mexico,2019-12-28
211,Alejandra Cruz,alejandra.cruz5@empresa.mx,Peru,2019-04-27
212,Monica Gonzalez,monica.gonzalez78@empresa.mx,USA,2018-01-05
213,Hector Morales,hector.morales67@outlook.com,Argentina,2018-06-27
214,Isabella Ramirez,isabella.ramirez62@outlook.com,Argentina,2024-08-09
215,Hector Medina,hector.medina13@outlook.com,Colombia,2020-11-08
216,Sofia Martinez,sofia.martinez37@empresa.mx,Peru,2022-08-01
217,Ana Garcia,,Mexico,2023-10-30
218,Sergio Sanchez,sergio.sanchez89@hotmail.com,Chile,2022-01-23
219,Isabella Medina,isabella.medina33@hotmail.com,USA,2024-01-05
220,Camila Cruz,camila.cruz36@outlook.com,USA,2020-04-14
221,Paola Herrera,paola.herrera62@yahoo.com,Argentina,2024-04-09
222,Diego Flores,diego.flores74@hotmail.com,USA,2022-06-19
223,Cristina Lopez,cristina.lopez96@yahoo.com,Chile,2019-10-25
224,Fernando Diaz,fernando.diaz44@empresa.mx,Peru,2018-08-02
225,Sergio Garcia,sergio.garcia12@yahoo.com,Chile,2024-09-24
226,Carlos Torres,carlos.torres29@hotmail.com,Mexico,2024-10-30
227,Andres Diaz,andres.diaz79@empresa.mx,Argentina,2024-09-13
228,Hector Perez,hector.perez82@outlook.com,Chile,2018-02-13
229,Monica Jimenez,monica.jimenez37@yahoo.com,Mexico,2024-09-21
230,Rafael Ramirez,rafael.ramirez79@yahoo.com,España,2018-05-28
231,Sergio Garcia,sergio.garcia21@gmail.com,Argentina,2022-06-25
232,Andres Diaz,andres.diaz76@yahoo.com,Peru,2018-03-04
233,Carlos Martinez,carlos.martinez71@hotmail.com,España,2024-04-09
234,Camila Gomez,camila.gomez36@yahoo.com,Peru,2020-03-07
235,Andres Medina,andres.medina1@hotmail.com,Colombia,2022-07-26
236,Gabriela Martinez,gabriela.martinez65@hotmail.com,Argentina,2019-04-25
237,Diego Herrera,diego.herrera74@hotmail.com,España,2022-12-19
238,Ricardo Castillo,ricardo.castillo99@yahoo.com,USA,2021-10-23
239,Miguel Vargas,miguel.vargas76@gmail.com,Chile,2019-04-22
240,Andres Ramirez,andres.ramirez87@yahoo.com,USA,2021-07-17
241,Camila Jimenez,camila.jimenez69@gmail.com,España,2020-12-14
242,Carlos Diaz,carlos.diaz87@hotmail.com,Mexico,2024-03-21
243,Daniela Rivera,daniela.rivera46@yahoo.com,Peru,2021-01-07
244,Natalia Sanchez,natalia.sanchez64@yahoo.com,Colombia,2020-09-18
245,Pedro Ramirez,pedro.ramirez26@yahoo.com,USA,2024-12-08
246,Hector Lopez,hector.lopez16@gmail.com,España,2023-07-11
247,Hector Herrera,hector.herrera6@outlook.com,Argentina,2024-12-17
248,Ricardo Torres,ricardo.torres63@yahoo.com,USA,2023-09-25
249,Sofia Medina,sofia.medina17@gmail.com,Peru,2022-09-30
250,Gabriela Rodriguez,gabriela.rodriguez65@hotmail.com,Chile,2019-12-17
251,Maria Jimenez,,España,2018-02-04
252,Pedro Diaz,pedro.diaz75@gmail.com,Argentina,2022-01-21
253,Diego Perez,diego.perez71@hotmail.com,Colombia,2021-01-08
254,Alejandra Rivera,alejandra.rivera47@yahoo.com,Chile,2022-10-03
255,Rafael Gomez,rafael.gomez47@outlook.com,Argentina,2023-01-21
256,Jose Medina,jose.medina88@yahoo.com,USA,2019-02-14
257,Paola Ramirez,paola.ramirez72@outlook.com,USA,2022-04-10
258,Paola Gonzalez,paola.gonzalez61@gmail.com,Colombia,2022-09-23
259,Cristina Jimenez,cristina.jimenez69@hotmail.com,USA,2023-06-17
260,Gabriela Medina,gabriela.medina7@outlook.com,Mexico,2019-11-01
261,Eduardo Torres,eduardo.torres61@gmail.com,Chile,2021-10-02
262,Camila Herrera,camila.herrera72@hotmail.com,Argentina,2018-03-23
263,Camila Cruz,camila.cruz26@empresa.mx,Peru,2024-01-15
264,Hector Flores,hector.flores46@hotmail.com,España,2023-09-22
265,Natalia Vargas,natalia.vargas11@outlook.com,Peru,2021-03-19
266,Jose Perez,jose.perez82@hotmail.com,Chile,2024-11-13
267,Cristina Martinez,cristina.martinez11@yahoo.com,Argentina,2020-07-23
268,Sergio Flores,sergio.flores91@hotmail.com,Peru,2022-06-08
269,Miguel Gomez,miguel.gomez96@empresa.mx,Peru,2023-01-19
270,Laura Garcia,laura.garcia17@yahoo.com,España,2020-10-27
271,Rafael Martinez,rafael.martinez27@yahoo.com,Chile,2019-02-26
272,Daniela Herrera,daniela.herrera7@gmail.com,USA,2022-06-15
273,Carlos Lopez,carlos.lopez34@empresa.mx,Colombia,2018-12-12
274,Andres Flores,andres.flores30@yahoo.com,España,2021-03-09
275,Jose Gonzalez,jose.gonzalez68@yahoo.com,Mexico,2018-05-24
276,Cristina Rivera,cristina.rivera61@outlook.com,USA,2024-01-24
277,Gabriela Vargas,gabriela.vargas18@empresa.mx,Colombia,2024-08-17
278,Sergio Medina,sergio.medina56@empresa.mx,España,2023-12-27
279,Camila Castillo,camila.castillo70@yahoo.com,USA,2019-01-02
280,Camila Morales,,Argentina,2018-02-13
281,Eduardo Gonzalez,,Chile,2024-01-01
282,Daniela Castillo,daniela.castillo39@gmail.com,USA,2022-10-30
283,Alejandra Ramirez,alejandra.ramirez1@empresa.mx,Argentina,2020-02-12
284,Gabriela Morales,gabriela.morales51@yahoo.com,Colombia,2022-05-16
285,Sofia Torres,sofia.torres11@outlook.com,España,2020-09-08
286,Paola Cruz,paola.cruz89@hotmail.com,Argentina,2023-12-19
287,Isabella Sanchez,isabella.sanchez9@yahoo.com,Colombia,2021-04-01
288,Miguel Cruz,miguel.cruz58@hotmail.com,España,2024-12-25
289,Jorge Garcia,jorge.garcia20@gmail.com,Peru,2018-04-01
290,Maria Flores,maria.flores35@yahoo.com,España,2022-12-01
291,Sofia Martinez,sofia.martinez20@gmail.com,Chile,2020-06-08
292,Valentina Castillo,valentina.castillo48@outlook.com,España,2018-05-10
293,Eduardo Gonzalez,eduardo.gonzalez8@hotmail.com,USA,2022-05-27
294,Daniela Perez,daniela.perez25@hotmail.com,USA,2022-04-12
295,Maria Ramirez,maria.ramirez50@outlook.com,Colombia,2018-05-18
296,Natalia Lopez,natalia.lopez67@yahoo.com,Chile,2022-05-13
297,Valentina Rivera,valentina.rivera21@gmail.com,España,2024-03-01
298,Diego Castillo,diego.castillo82@hotmail.com,Colombia,2022-01-16
299,Cristina Sanchez,cristina.sanchez15@yahoo.com,España,2022-11-14
300,Laura Torres,,Chile,2020-09-22
