employee_id,name,department,salary,hire_date,country
1,Sergio Lopez,Sales,27376.02,2018-01-31,Colombia
2,Maria Herrera,Engineering,33259.19,2019-09-25,Mexico
3,Sofia Jimenez,Sales,82191.78,2021-04-17,España
4,Gabriela Morales,Marketing,45941.86,2021-08-10,USA
5,Hector Perez,Marketing,91323.24,2018-10-25,Colombia
6,Hector Rivera,Engineering,34709.98,2019-04-06,Argentina
7,Alejandra Torres,Finance,101677.19,2023-03-08,Peru
8,Andres Martinez,HR,77443.86,2022-01-18,USA
9,Pedro Martinez,Legal,29353.32,2017-07-22,Argentina
10,Cristina Ramirez,Marketing,107315.95,2019-04-06,Chile
11,Camila Perez,Operations,60167.19,2017-05-08,Argentina
12,Monica Martinez,HR,82867.45,2016-12-01,España
13,Miguel Diaz,Operations,50645.04,2022-03-06,Peru
14,Jorge Rodriguez,Legal,46759.57,2015-05-12,Argentina
15,Carlos Sanchez,Operations,111747.93,2021-05-12,Argentina
16,Daniela Diaz,Finance,109044.9,2022-03-18,Colombia
17,Sofia Herrera,HR,76202.84,2023-05-18,Chile
18,Andres Gomez,HR,45835.47,2016-07-20,Chile
19,Luis Lopez,Legal,39519.93,2016-10-17,España
20,Carlos Diaz,HR,61253.83,2020-04-01,Argentina
21,Cristina Garcia,Operations,89626.92,2016-04-14,Peru
22,Hector Rivera,Sales,,2019-11-16,Chile
23,Natalia Torres,Sales,117329.37,2023-07-18,Peru
24,Cristina Flores,HR,104958.59,2020-09-10,Colombia
25,Hector Perez,HR,76241.01,2023-09-25,Mexico
26,Daniela Garcia,Legal,35627.43,2019-01-26,USA
27,Luis Ramirez,Engineering,108410.91,2015-11-19,España
28,Carlos Herrera,Operations,97754.27,2016-06-09,Chile
29,Laura Torres,Finance,75129.01,2021-10-20,Colombia
30,Hector Sanchez,Operations,92730.15,2019-06-23,España
31,Fernando Vargas,Engineering,,2017-07-09,Argentina
32,Gabriela Ramirez,Engineering,80901.81,2015-01-30,España
33,Sofia Martinez,Engineering,111014.9,2018-09-15,Peru
34,Monica Castillo,Operations,45352.5,2016-06-25,Peru
35,Sofia Castillo,Engineering,101712.21,2017-02-18,Mexico
36,Camila Morales,Engineering,64054.72,2023-03-06,España
37,Sergio Lopez,Marketing,30758.2,2023-03-02,USA
38,Sofia Sanchez,Sales,43069.85,2020-01-12,Chile
39,Miguel Ramirez,Finance,108076.17,2015-11-05,USA
40,Gabriela Lopez,Legal,29805.89,2021-01-23,Mexico
41,Hector Ramirez,Finance,40799.56,2020-06-12,Colombia
42,Luis Perez,Marketing,61002.45,2019-05-19,USA
43,Valentina Morales,Legal,91176.19,2023-03-12,Peru
44,Daniela Gonzalez,Engineering,43040.3,2017-06-10,Peru
45,Luis Rivera,Finance,30430.7,2021-07-20,Peru
46,Fernando Perez,Engineering,30403.56,2020-09-11,USA
47,Alejandra Martinez,Finance,89145.19,2017-08-21,Mexico
48,Ricardo Ramirez,HR,79997.31,2015-06-12,Mexico
49,Ricardo Medina,Sales,74664.36,2017-12-04,España
50,Sofia Torres,Operations,62599.66,2022-07-14,Argentina
51,Hector Martinez,HR,25884.97,2021-12-19,Mexico
52,Pedro Jimenez,Engineering,50194.04,2018-11-30,Colombia
53,Laura Vargas,Marketing,104205.77,2022-11-21,Peru
54,Paola Jimenez,Marketing,25743.2,2021-03-21,España
55,Jose Torres,Operations,35965.72,2016-03-14,Peru
56,Valentina Cruz,Sales,45009.82,2018-11-05,España
57,Diego Jimenez,Engineering,71410.53,2015-07-28,España
58,Diego Rodriguez,Sales,25336.84,2023-08-25,España
59,Laura Vargas,HR,77409.64,2019-10-18,Mexico
60,Rafael Gonzalez,HR,76831.08,2019-02-21,Peru
61,Jose Rodriguez,Legal,54284.54,2023-12-05,Mexico
62,Pedro Ramirez,Legal,88358.67,2018-12-19,Peru
63,Isabella Cruz,Legal,96200.37,2017-08-27,Colombia
64,Paola Perez,Sales,108734.54,2015-04-12,España
65,Paola Morales,Legal,101212.34,2023-03-30,Colombia
66,Paola Lopez,Legal,61341.46,2015-06-08,Chile
67,Eduardo Vargas,Legal,58217.55,2023-12-02,Colombia
68,Monica Sanchez,Legal,62854.27,2018-02-15,Mexico
69,Diego Gomez,Operations,85940.77,2019-06-26,USA
70,Ana Lopez,Sales,108318.65,2017-12-05,Peru
71,Diego Rodriguez,Marketing,35298.24,2019-11-15,España
72,Isabella Cruz,Finance,118502.41,2016-04-18,Peru
73,Luis Morales,Operations,25160.67,2021-01-14,España
74,Natalia Sanchez,Operations,59601.04,2015-10-14,Argentina
75,Monica Lopez,HR,93376.65,2018-05-15,Argentina
76,Jorge Diaz,Sales,91234.8,2021-03-20,Colombia
77,Andres Perez,Finance,83473.92,2018-05-17,Peru
78,Valentina Flores,HR,44967.36,2023-10-24,Peru
79,Miguel Vargas,HR,67005.18,2017-05-25,Chile
80,Paola Perez,HR,87590.82,2018-03-08,España
81,Jorge Martinez,Sales,102750.23,2023-06-04,España
82,Paola Sanchez,Sales,38998.63,2015-07-09,Chile
83,Hector Martinez,HR,68264.54,2022-01-23,Colombia
84,Andres Castillo,Operations,,2016-08-27,España
85,Hector Lopez,Sales,98949.94,2017-06-15,USA
86,Fernando Vargas,Legal,29770.75,2017-10-17,Mexico
87,Paola Vargas,HR,88419.88,2021-04-08,Argentina
88,Miguel Cruz,Finance,102425.62,2020-08-29,USA
89,Miguel Perez,Finance,95647.27,2020-04-28,Argentina
90,Eduardo Torres,Finance,97752.3,2020-11-05,España
91,Miguel Martinez,Marketing,92786.76,2017-08-18,Argentina
92,Gabriela Martinez,Finance,38145.54,2017-08-05,España
93,Pedro Martinez,HR,64412.45,2018-09-17,Chile
94,Pedro Morales,HR,,2023-08-20,España
95,Hector Medina,Marketing,61136.2,2015-01-25,Argentina
96,Cristina Morales,HR,76130.95,2023-03-29,USA
97,Sofia Castillo,Finance,45845.06,2019-11-21,Mexico
98,Monica Diaz,Sales,93797.23,2020-03-29,Peru
99,Andres Medina,Engineering,78617.24,2015-04-22,España
100,Cristina Vargas,Finance,42264.26,2017-12-01,Argentina
101,Jorge Rivera,Marketing,97316.82,2019-04-02,USA
102,Isabella Torres,Engineering,104316.54,2020-04-10,España
103,Camila Ramirez,Operations,86763.69,2023-10-05,Mexico
104,Sofia Sanchez,Sales,104726.74,2021-12-19,Colombia
105,Monica Lopez,Finance,78577.11,2017-06-11,España
106,Camila Perez,Operations,82559.81,2023-05-22,Mexico
107,Laura Flores,Marketing,35269.38,2015-04-16,Peru
108,Andres Diaz,Engineering,114439.71,2017-03-23,Peru
109,Sergio Ramirez,Marketing,34680.62,2023-08-31,USA
110,Paola Lopez,Legal,100641.59,2021-05-07,Mexico
111,Isabella Gomez,Marketing,31550.89,2022-04-06,Mexico
112,Eduardo Castillo,Operations,35026.19,2019-01-23,USA
113,Jose Morales,Operations,41733.01,2020-11-07,Argentina
114,Gabriela Castillo,HR,69163.01,2023-03-14,Argentina
115,Sofia Martinez,Sales,51498.18,2020-01-21,USA
116,Alejandra Diaz,Legal,56957.68,2020-07-17,Argentina
117,Pedro Gomez,Marketing,100794.07,2018-10-26,Peru
118,Diego Herrera,Engineering,25964.36,2017-02-21,Colombia
119,Daniela Herrera,Finance,97025.64,2022-09-29,España
120,Miguel Garcia,Finance,33840.07,2017-06-26,España
121,Monica Medina,HR,60056.94,2021-03-17,Argentina
122,Natalia Herrera,Finance,56425.17,2022-11-18,Argentina
123,Sofia Lopez,Engineering,93522.01,2018-07-16,España
124,Hector Perez,Finance,43196.39,2023-04-14,Argentina
125,Hector Jimenez,Legal,81695.12,2016-02-16,Colombia
126,Camila Perez,HR,53715.42,2022-12-10,Colombia
127,Luis Herrera,Operations,52752.98,2016-06-01,USA
128,Maria Garcia,Finance,79536.1,2020-04-06,Chile
129,Luis Torres,Engineering,114401.04,2020-05-10,USA
130,Daniela Martinez,Engineering,79817.01,2022-09-12,Colombia
131,Ricardo Flores,Engineering,33092.19,2017-10-13,Peru
132,Alejandra Cruz,Legal,100120.38,2017-07-13,Peru
133,Miguel Flores,Marketing,106715.83,2019-10-23,Peru
134,Alejandra Lopez,Operations,115021.07,2017-05-01,Colombia
135,Carlos Perez,Engineering,,2021-03-10,Colombia
136,Miguel Cruz,Sales,69641.69,2015-05-14,Argentina
137,Rafael Vargas,Marketing,31762.08,2017-08-14,USA
138,Ricardo Sanchez,Sales,65388.2,2021-02-08,España
139,Diego Gonzalez,Legal,31783.93,2016-11-10,Argentina
140,Eduardo Medina,Engineering,112513.29,2019-12-04,Chile
141,Rafael Diaz,HR,114554.24,2020-08-11,Chile
142,Alejandra Rodriguez,Marketing,109495.17,2023-03-28,Peru
143,Carlos Ramirez,HR,116381.55,2021-06-14,Mexico
144,Monica Torres,Legal,79743.46,2023-07-23,Colombia
145,Sergio Vargas,HR,112026.91,2017-01-13,Chile
146,Daniela Martinez,Marketing,69650.99,2019-07-31,Argentina
147,Cristina Perez,Finance,56331.35,2022-10-12,Argentina
148,Andres Herrera,Marketing,28486.23,2015-12-27,Argentina
149,Hector Diaz,Operations,107166.51,2015-01-05,USA
150,Isabella Rodriguez,HR,42820.34,2019-01-21,USA
151,Miguel Rodriguez,Sales,44338.03,2021-02-27,Argentina
152,Rafael Castillo,HR,36535.48,2022-01-24,USA
153,Laura Flores,Finance,77329.71,2021-03-12,Mexico
154,Eduardo Lopez,Operations,68837.55,2016-04-26,USA
155,Rafael Flores,Finance,73342.84,2018-01-24,USA
156,Daniela Ramirez,Finance,68394.71,2016-08-15,Colombia
157,Fernando Gonzalez,Legal,107082.56,2018-02-05,USA
158,Jorge Jimenez,Marketing,50381.4,2015-01-11,España
159,Ricardo Medina,Legal,119895.72,2020-06-28,Colombia
160,Daniela Gomez,HR,56581.8,2023-07-22,Chile
161,Jorge Sanchez,HR,118173.59,2017-09-05,Chile
162,Hector Morales,Finance,29146.49,2023-05-09,España
163,Andres Diaz,Legal,118899.33,2023-11-20,España
164,Daniela Rodriguez,Marketing,36993.4,2021-08-14,USA
165,Cristina Vargas,Engineering,34472.61,2020-02-15,España
166,Cristina Gonzalez,Marketing,32108.68,2023-10-07,Argentina
167,Andres Martinez,Legal,105917.7,2022-07-25,Peru
168,Jorge Castillo,HR,107876.39,2015-05-28,Mexico
169,Monica Flores,Engineering,119755.46,2023-05-17,Chile
170,Hector Lopez,Marketing,,2022-10-13,Mexico
171,Paola Rodriguez,Finance,52869.94,2019-03-16,Colombia
172,Isabella Medina,Sales,89771.04,2017-01-07,Colombia
173,Cristina Diaz,Finance,83872.49,2017-09-13,Peru
174,Miguel Torres,Engineering,68659.2,2022-06-24,USA
175,Valentina Herrera,Marketing,40007.68,2019-12-15,Peru
176,Isabella Torres,Sales,68399.4,2018-05-22,Chile
177,Maria Ramirez,HR,61229.61,2019-01-10,Argentina
178,Valentina Garcia,Finance,,2022-05-20,Argentina
179,Cristina Rodriguez,Finance,111508.61,2023-05-11,USA
180,Valentina Ramirez,Sales,82671.17,2018-12-14,España
181,Diego Gonzalez,Operations,84683.57,2022-01-14,Mexico
182,Miguel Rodriguez,Sales,80059.51,2023-03-19,Mexico
183,Jorge Morales,Legal,41685.81,2016-06-25,Peru
184,Camila Jimenez,Legal,72670.5,2018-01-21,Colombia
185,Eduardo Castillo,Operations,116901.49,2018-04-23,USA
186,Maria Vargas,Legal,116474.86,2016-07-30,Colombia
187,Natalia Diaz,Marketing,116890.63,2021-04-01,Mexico
188,Ana Torres,Marketing,75974.37,2020-02-06,España
189,Diego Medina,Marketing,61197.42,2022-02-28,Mexico
190,Daniela Garcia,Marketing,83856.95,2021-04-18,Peru
191,Carlos Vargas,Operations,111391.83,2018-05-22,Chile
192,Luis Rodriguez,Engineering,53914.64,2020-07-10,Mexico
193,Gabriela Gonzalez,Operations,61921.35,2019-02-28,España
194,Gabriela Morales,Sales,80797.33,2023-02-24,Chile
195,Eduardo Castillo,Engineering,83486.96,2018-02-19,España
196,Miguel Vargas,Engineering,115302.74,2019-01-25,España
197,Sergio Gomez,Sales,30752.26,2018-02-04,Mexico
198,Eduardo Vargas,Operations,33708.98,2017-05-18,España
199,Ana Rodriguez,Sales,99745.49,2017-09-24,USA
200,Carlos Herrera,Legal,44679.95,2017-06-03,USA
201,Hector Gonzalez,Engineering,99921.16,2021-09-07,Argentina
202,Jose Gonzalez,Sales,76320.47,2023-12-15,Mexico
203,Ana Gonzalez,Legal,26411.73,2023-11-10,Colombia
204,Ana Perez,Operations,50209.91,2016-06-03,Chile
205,Natalia Martinez,Marketing,70243.37,2023-09-22,Peru
206,Miguel Jimenez,Engineering,46047.23,2021-11-24,España
207,Cristina Jimenez,Engineering,53654.88,2022-03-20,Mexico
208,Cristina Diaz,Finance,65495.99,2016-03-18,España
209,Carlos Martinez,Engineering,55600.62,2016-08-30,Colombia
210,Sergio Medina,Finance,77093.86,2018-08-24,Peru
211,Miguel Jimenez,Legal,82515.55,2016-02-11,España
212,Sergio Herrera,Finance,93479.79,2017-05-30,Chile
213,Isabella Rivera,Finance,103604.83,2019-06-22,España
214,Isabella Rivera,Sales,88185.25,2019-03-14,España
215,Carlos Martinez,Finance,104018.33,2016-01-17,Mexico
216,Camila Gonzalez,HR,77855.22,2021-07-30,Peru
217,Maria Morales,Legal,58591.82,2022-06-18,Chile
218,Natalia Rodriguez,Marketing,116997.87,2021-09-25,Argentina
219,Fernando Sanchez,Sales,39699.37,2020-05-29,USA
220,Cristina Herrera,Marketing,59918.3,2023-07-21,Peru
221,Isabella Herrera,HR,117581.93,2021-12-21,España
222,Ana Cruz,Marketing,113263.01,2022-10-11,Mexico
223,Rafael Flores,Engineering,112546.06,2018-12-08,Colombia
224,Ricardo Diaz,Operations,31610.62,2023-04-24,Mexico
225,Fernando Sanchez,Marketing,60738.47,2020-02-02,Colombia
226,Natalia Rivera,HR,98799.38,2021-05-13,Mexico
227,Jose Perez,Operations,96671.41,2015-07-23,Mexico
228,Monica Morales,Finance,71137.86,2019-12-16,Argentina
229,Fernando Lopez,Marketing,57791.42,2016-03-30,España
230,Daniela Jimenez,Sales,88377.59,2015-07-06,Chile
231,Luis Garcia,Legal,44420.2,2017-05-15,Colombia
232,Valentina Rivera,Operations,36398.51,2020-07-30,Chile
233,Andres Herrera,HR,91848.77,2020-08-11,USA
234,Camila Martinez,Engineering,,2023-04-28,Chile
235,Carlos Rivera,Finance,79697.12,2021-06-06,España
236,Valentina Lopez,Sales,63478.07,2018-08-23,USA
237,Miguel Gomez,Sales,33372.34,2016-03-09,Chile
238,Fernando Martinez,Operations,62597.84,2018-06-24,Argentina
239,Hector Perez,Engineering,32256.04,2022-02-06,Peru
240,Hector Gomez,Legal,58354.47,2022-03-28,Colombia
241,Jose Torres,Sales,43740.82,2021-10-03,USA
242,Carlos Perez,Finance,115372.75,2022-01-16,Chile
243,Hector Medina,Operations,67646.0,2021-05-01,España
244,Jorge Rivera,Finance,39340.95,2015-10-07,Chile
245,Paola Torres,HR,81184.88,2018-12-12,Mexico
246,Miguel Rodriguez,Engineering,30404.55,2018-03-21,España
247,Cristina Martinez,Finance,83425.8,2020-09-07,Chile
248,Paola Rodriguez,Operations,67724.7,2021-05-30,Colombia
249,Daniela Jimenez,Finance,39331.8,2015-09-11,Mexico
250,Eduardo Rivera,HR,118326.63,2015-12-12,España
251,Sofia Vargas,HR,119143.67,2020-11-16,Peru
252,Camila Flores,Marketing,61804.57,2023-09-08,España
253,Paola Rivera,HR,31261.63,2016-01-23,España
254,Diego Cruz,Engineering,107961.57,2018-09-27,Peru
255,Camila Flores,Operations,116931.17,2022-10-31,Chile
256,Rafael Martinez,Operations,54410.28,2019-03-23,USA
257,Jose Jimenez,Finance,33878.03,2022-07-09,Peru
258,Camila Flores,Marketing,42124.98,2017-05-27,USA
259,Sofia Gonzalez,Legal,39719.79,2018-04-26,USA
260,Hector Herrera,Engineering,104336.38,2020-11-26,España
261,Hector Cruz,Sales,37449.66,2019-03-24,Colombia
262,Rafael Cruz,Operations,,2016-11-09,Chile
263,Camila Ramirez,Marketing,117110.92,2021-11-05,USA
264,Miguel Ramirez,Legal,75731.06,2018-06-21,USA
265,Eduardo Sanchez,Finance,59944.89,2021-05-25,Chile
266,Hector Diaz,Sales,72776.14,2019-09-11,USA
267,Alejandra Gonzalez,Operations,107935.18,2015-08-02,Chile
268,Gabriela Lopez,Legal,92583.09,2020-10-14,Mexico
269,Hector Perez,Sales,50915.17,2020-10-03,USA
270,Sofia Vargas,Finance,109039.83,2015-04-20,Mexico
271,Camila Ramirez,Marketing,,2015-12-01,Colombia
272,Maria Rivera,Engineering,100181.16,2016-07-17,Argentina
273,Daniela Gonzalez,Finance,,2020-04-05,Peru
274,Carlos Garcia,HR,49312.77,2016-09-04,España
275,Isabella Lopez,Marketing,,2017-08-31,Mexico
276,Isabella Cruz,Legal,68425.79,2016-03-30,Chile
277,Ana Jimenez,Sales,79629.51,2023-01-22,Argentina
278,Alejandra Gomez,Sales,47853.6,2019-09-03,España
279,Fernando Gomez,HR,31429.54,2020-11-24,Peru
280,Fernando Herrera,Engineering,26931.76,2020-04-09,España
281,Camila Torres,Legal,95995.08,2019-01-02,Mexico
282,Natalia Lopez,Legal,98292.63,2023-03-31,Argentina
283,Camila Herrera,Sales,57161.99,2022-03-17,USA
284,Miguel Castillo,Engineering,85014.91,2016-07-06,España
285,Miguel Rodriguez,Legal,52877.04,2015-06-29,Colombia
286,Jorge Flores,Finance,,2021-02-02,Argentina
287,Sergio Sanchez,Engineering,52180.54,2023-10-04,USA
288,Diego Lopez,Finance,100937.53,2019-11-25,España
289,Andres Rivera,Operations,117503.74,2020-07-25,Chile
290,Paola Jimenez,Operations,50338.47,2015-12-05,Chile
291,Alejandra Perez,Engineering,76820.07,2018-08-08,Mexico
292,Valentina Flores,Finance,67362.0,2023-01-18,Colombia
293,Camila Vargas,HR,29023.74,2018-12-15,Chile
294,Paola Rodriguez,Finance,32128.91,2022-02-24,Argentina
295,Natalia Perez,Legal,115514.99,2016-08-07,Peru
296,Miguel Rodriguez,Legal,36991.85,2017-08-24,España
297,Andres Medina,Operations,28076.61,2016-09-20,Chile
298,Camila Vargas,Sales,97493.02,2021-06-08,Peru
299,Jorge Torres,Engineering,48713.11,2016-04-09,España
300,Fernando Diaz,Marketing,111786.54,2016-04-27,USA
301,Miguel Sanchez,Operations,119654.69,2018-03-15,Chile
302,Jose Martinez,Finance,67944.06,2022-12-31,Mexico
303,Cristina Rivera,Engineering,88444.78,2022-12-16,Peru
304,Valentina Perez,Operations,92621.86,2022-11-08,Colombia
305,Fernando Ramirez,Legal,36529.43,2017-04-03,Colombia
306,Daniela Garcia,Marketing,59285.17,2021-06-02,Chile
307,Gabriela Gonzalez,Engineering,83135.09,2015-12-20,Argentina
308,Rafael Castillo,Finance,74941.09,2023-08-17,USA
309,Jose Rivera,Finance,86022.17,2020-01-18,España
310,Jose Herrera,Legal,85780.42,2017-01-15,Colombia
311,Cristina Rodriguez,Sales,103982.13,2020-10-23,Argentina
312,Jorge Ramirez,Marketing,57872.19,2020-10-26,USA
313,Pedro Herrera,Marketing,51072.85,2022-01-04,Peru
314,Fernando Perez,Sales,81221.8,2021-07-06,Colombia
315,Natalia Cruz,Engineering,57073.86,2021-04-27,USA
316,Carlos Rodriguez,HR,115111.95,2023-08-25,Argentina
317,Hector Medina,Engineering,64575.74,2022-03-02,Chile
318,Gabriela Flores,Finance,85981.19,2018-05-22,Colombia
319,Monica Diaz,Operations,53256.22,2015-10-26,Mexico
320,Isabella Castillo,HR,69122.0,2018-10-25,Colombia
321,Rafael Rivera,Finance,94748.98,2018-11-15,Colombia
322,Fernando Herrera,Finance,35087.47,2017-09-17,Mexico
323,Sofia Gonzalez,Finance,34197.11,2018-04-03,USA
324,Sofia Perez,Operations,102280.4,2021-06-24,Argentina
325,Laura Castillo,Finance,119617.09,2020-03-27,Argentina
326,Carlos Diaz,Sales,73017.22,2017-09-13,Peru
327,Luis Flores,Operations,72014.95,2022-05-03,Chile
328,Ana Lopez,Operations,65938.14,2017-12-19,Argentina
329,Camila Rodriguez,HR,63055.25,2021-05-24,Colombia
330,Valentina Martinez,Legal,61703.14,2020-01-19,Peru
331,Alejandra Cruz,Finance,36287.05,2016-02-01,Argentina
332,Jorge Herrera,Sales,114200.11,2023-06-20,Colombia
333,Andres Jimenez,Sales,28824.22,2015-06-09,España
334,Daniela Jimenez,HR,68413.91,2021-10-19,Colombia
335,Alejandra Rivera,Operations,40437.69,2021-11-30,USA
336,Jorge Jimenez,Finance,103687.49,2020-12-20,España
337,Daniela Garcia,Engineering,59993.99,2022-07-22,Chile
338,Paola Garcia,Operations,81706.41,2017-12-23,USA
339,Ricardo Medina,HR,46616.61,2015-07-30,Chile
340,Sergio Cruz,Sales,98587.58,2019-04-07,USA
341,Luis Medina,Sales,115079.49,2016-03-26,Mexico
342,Isabella Gonzalez,Finance,64231.21,2017-04-15,Peru
343,Daniela Rodriguez,Sales,92048.65,2020-10-25,Peru
344,Monica Castillo,Sales,74920.33,2018-07-09,Chile
345,Jorge Herrera,Legal,58657.26,2023-08-29,España
346,Paola Torres,Sales,82957.28,2017-02-26,Argentina
347,Sofia Flores,Sales,98261.56,2022-11-27,España
348,Jorge Castillo,Operations,58136.3,2023-12-02,Argentina
349,Ricardo Herrera,Legal,61070.95,2019-06-05,Argentina
350,Paola Gonzalez,Operations,52593.0,2018-03-24,Mexico
351,Miguel Torres,Sales,95997.16,2017-05-26,USA
352,Gabriela Torres,Operations,38040.93,2021-11-26,Peru
353,Luis Jimenez,Engineering,46438.81,2017-08-11,Mexico
354,Rafael Castillo,Sales,34551.77,2023-08-24,Mexico
355,Laura Morales,Finance,87024.82,2020-05-02,España
356,Valentina Rivera,Legal,52114.46,2015-08-31,Mexico
357,Sofia Herrera,Sales,95175.22,2015-06-02,Chile
358,Laura Rodriguez,Legal,119731.32,2019-06-15,Chile
359,Natalia Flores,Marketing,108290.6,2015-02-07,Peru
360,Jorge Flores,HR,68163.16,2022-03-11,Peru
361,Jose Jimenez,Legal,69461.97,2017-02-28,Mexico
362,Natalia Vargas,Sales,86587.11,2023-01-22,Mexico
363,Paola Flores,Sales,78939.22,2023-06-29,Colombia
364,Sergio Diaz,Marketing,103564.03,2020-10-11,Mexico
365,Maria Perez,Marketing,,2020-05-09,Colombia
366,Andres Ramirez,Marketing,67439.87,2017-12-29,Argentina
367,Ricardo Garcia,Operations,49847.55,2019-01-12,Colombia
368,Maria Vargas,Operations,54146.6,2019-07-19,Peru
369,Rafael Flores,Marketing,90577.59,2022-03-01,Argentina
370,Sofia Gonzalez,Operations,70427.28,2020-02-07,Peru
371,Rafael Herrera,HR,111715.7,2023-06-30,USA
372,Pedro Ramirez,Legal,89632.48,2021-09-06,USA
373,Miguel Jimenez,HR,91857.78,2015-11-16,Mexico
374,Gabriela Jimenez,Sales,44204.89,2021-01-07,Colombia
375,Fernando Vargas,Operations,36042.8,2017-04-21,Peru
376,Fernando Vargas,Sales,101825.75,2020-02-01,Peru
377,Ricardo Rodriguez,Legal,78085.73,2022-07-18,Argentina
378,Andres Torres,Sales,102563.06,2023-05-13,Peru
379,Isabella Gomez,Engineering,91536.56,2021-01-25,Mexico
380,Daniela Rodriguez,Legal,52273.62,2017-01-07,Colombia
381,Natalia Morales,Finance,60573.79,2019-04-16,USA
382,Andres Diaz,Legal,32623.75,2022-06-03,Peru
383,Cristina Gomez,Finance,36270.15,2021-01-09,Peru
384,Sofia Garcia,Finance,96837.04,2018-05-07,España
385,Isabella Herrera,Sales,61031.26,2017-07-29,Chile
386,Diego Sanchez,Legal,,2023-02-17,Mexico
387,Monica Morales,Sales,83417.7,2015-03-06,Colombia
388,Alejandra Rodriguez,Operations,,2022-07-15,USA
389,Natalia Rodriguez,HR,63215.21,2017-08-17,Colombia
390,Hector Rodriguez,Sales,38312.88,2018-03-30,USA
391,Ricardo Rivera,Operations,79860.11,2023-08-31,USA
392,Valentina Gonzalez,Sales,118641.08,2020-11-05,Chile
393,Luis Herrera,Sales,115109.42,2023-03-31,España
394,Gabriela Castillo,Operations,29453.99,2018-11-11,España
395,Fernando Rivera,Sales,91149.3,2019-07-31,Argentina
396,Hector Herrera,Marketing,69984.29,2017-07-12,USA
397,Paola Vargas,Finance,111900.41,2021-04-22,Chile
398,Jose Diaz,Marketing,48071.56,2017-04-12,España
399,Miguel Gomez,Legal,33784.08,2023-02-15,Colombia
400,Andres Cruz,Sales,82277.59,2015-10-26,USA
401,Natalia Herrera,Legal,45616.57,2017-05-05,Argentina
402,Ana Sanchez,Engineering,114030.18,2023-04-26,España
403,Daniela Ramirez,Sales,91084.5,2022-11-22,Chile
404,Gabriela Rivera,Finance,98673.82,2019-04-09,Peru
405,Valentina Torres,Finance,59166.24,2020-07-29,Mexico
406,Natalia Castillo,Sales,97354.75,2018-08-04,Argentina
407,Luis Medina,Sales,107088.06,2023-04-25,Mexico
408,Ricardo Medina,Sales,93401.13,2018-04-24,Colombia
409,Andres Medina,HR,104169.46,2020-08-07,España
410,Jorge Torres,Operations,97519.26,2020-06-24,España
411,Miguel Perez,Sales,94613.36,2018-12-13,Colombia
412,Daniela Perez,Operations,112105.44,2021-01-29,Mexico
413,Eduardo Martinez,Engineering,,2022-06-30,USA
414,Jose Ramirez,Engineering,31456.95,2016-09-10,Colombia
415,Camila Rodriguez,HR,83694.35,2022-06-24,Chile
416,Ana Garcia,Engineering,75560.19,2019-08-12,Mexico
417,Diego Herrera,HR,117860.54,2015-03-12,USA
418,Isabella Perez,HR,35166.56,2016-01-30,Colombia
419,Alejandra Jimenez,Marketing,48979.73,2018-12-22,USA
420,Camila Diaz,Operations,68604.79,2017-09-23,Colombia
421,Eduardo Martinez,Legal,87104.89,2022-04-15,Mexico
422,Andres Diaz,Operations,77506.64,2015-08-18,Mexico
423,Carlos Castillo,Legal,105306.33,2022-03-26,Argentina
424,Cristina Lopez,Sales,110005.17,2015-06-24,Colombia
425,Rafael Medina,Engineering,70172.53,2015-07-10,España
426,Gabriela Medina,Legal,,2017-01-04,Argentina
427,Pedro Medina,Legal,38698.2,2022-12-29,Chile
428,Valentina Perez,Legal,78576.03,2021-05-10,USA
429,Gabriela Rivera,Sales,61465.39,2023-04-18,USA
430,Natalia Martinez,Engineering,72575.32,2018-11-17,Mexico
431,Eduardo Martinez,HR,57356.31,2023-08-16,Peru
432,Hector Rivera,Legal,27814.44,2018-01-24,Chile
433,Camila Herrera,Sales,114408.57,2019-11-04,España
434,Andres Martinez,Legal,98355.9,2018-04-24,Colombia
435,Carlos Torres,Legal,39650.99,2022-12-25,España
436,Andres Rivera,Engineering,59266.52,2016-01-10,Argentina
437,Hector Torres,Sales,34711.98,2015-12-24,Chile
438,Gabriela Jimenez,Engineering,63764.2,2015-04-18,Argentina
439,Alejandra Cruz,Engineering,99521.68,2019-04-27,Argentina
440,Hector Martinez,Sales,93860.17,2021-04-10,Peru
441,Monica Diaz,Marketing,41102.67,2018-01-06,Argentina
442,Carlos Perez,Marketing,66294.25,2019-09-21,Chile
443,Camila Torres,Operations,114701.12,2023-01-31,Chile
444,Pedro Vargas,Engineering,35162.37,2018-06-01,Chile
445,Alejandra Diaz,Finance,101387.26,2018-09-11,Argentina
446,Eduardo Cruz,HR,37931.82,2018-08-06,España
447,Jorge Perez,Marketing,116634.59,2018-07-31,España
448,Daniela Medina,Finance,99287.57,2018-08-27,Argentina
449,Andres Gomez,Sales,35819.34,2021-04-28,Peru
450,Laura Herrera,Finance,27557.03,2023-02-26,España
451,Paola Flores,Legal,103971.77,2015-10-11,USA
452,Isabella Castillo,Sales,38222.02,2018-05-25,Argentina
453,Rafael Morales,Finance,99962.29,2015-10-30,Peru
454,Andres Herrera,Finance,,2022-10-04,Peru
455,Camila Herrera,Engineering,81412.89,2015-12-15,USA
456,Monica Gomez,Engineering,40802.16,2021-11-14,Peru
457,Monica Diaz,Legal,116847.06,2018-09-20,Chile
458,Maria Torres,HR,46090.1,2023-05-18,Peru
459,Ricardo Ramirez,Finance,67348.96,2019-05-22,USA
460,Rafael Jimenez,Finance,39320.77,2015-04-11,Mexico
461,Carlos Lopez,Sales,103975.19,2023-03-10,Argentina
462,Miguel Sanchez,Finance,74505.91,2018-11-27,Mexico
463,Rafael Vargas,Engineering,55296.4,2018-05-14,USA
464,Ana Rivera,Legal,86557.14,2022-08-05,Colombia
465,Natalia Ramirez,Sales,74019.42,2021-03-10,Argentina
466,Miguel Ramirez,Sales,100786.8,2022-01-23,Colombia
467,Isabella Diaz,Sales,27773.27,2021-11-20,Chile
468,Andres Garcia,Marketing,91949.88,2017-04-22,USA
469,Paola Martinez,Legal,79848.05,2023-12-19,Peru
470,Jorge Sanchez,Operations,68467.29,2017-12-10,USA
471,Sergio Rivera,Finance,81712.23,2021-11-08,Peru
472,Camila Vargas,Operations,83649.45,2022-07-22,USA
473,Alejandra Medina,Marketing,33051.44,2016-07-02,Mexico
474,Maria Perez,HR,60464.08,2016-08-02,Chile
475,Jose Medina,Finance,61452.45,2017-01-30,España
476,Sergio Perez,Marketing,77716.69,2020-06-28,Colombia
477,Eduardo Vargas,Engineering,83843.95,2019-01-10,Chile
478,Eduardo Diaz,Operations,116563.76,2020-09-01,Chile
479,Daniela Morales,Finance,92463.53,2019-12-24,Colombia
480,Ana Ramirez,Sales,52748.54,2018-01-30,Peru
481,Hector Vargas,Legal,78736.79,2023-08-31,Chile
482,Maria Medina,HR,35849.63,2023-09-10,USA
483,Gabriela Rodriguez,HR,97200.39,2019-12-13,Colombia
484,Maria Ramirez,Finance,53282.35,2015-05-13,Argentina
485,Eduardo Martinez,Legal,66711.64,2016-04-25,USA
486,Paola Medina,HR,90467.69,2022-12-21,España
487,Alejandra Gonzalez,Legal,99560.68,2017-04-27,Mexico
488,Gabriela Torres,Marketing,81701.48,2016-11-20,España
489,Ricardo Torres,Operations,115477.75,2020-10-08,USA
490,Hector Morales,Legal,112283.03,2018-02-09,España
491,Cristina Gonzalez,Marketing,48719.34,2022-12-23,USA
492,Eduardo Diaz,Operations,71498.58,2021-06-23,Argentina
493,Andres Vargas,Legal,32174.05,2023-11-29,Mexico
494,Natalia Torres,Finance,90996.84,2019-02-20,Chile
495,Ana Martinez,Operations,94438.53,2020-02-21,España
496,Cristina Martinez,Sales,100589.4,2019-06-18,Chile
497,Daniela Torres,Marketing,55672.19,2018-03-07,Peru
498,Ricardo Castillo,Legal,,2022-08-27,Mexico
499,Sergio Vargas,Finance,,2016-10-09,Chile
500,Isabella Sanchez,Operations,119590.94,2016-06-24,Argentina
