product_id,name,category,price,stock
1,Tea 770,Food,543.85,42
2,Chocolate 153,Food,597.53,156
3,Pliers 873,Tools,355.05,335
4,Phone 101,Electronics,324.06,39
5,Dress 631,Clothing,1021.57,4
6,Mouse 936,Electronics,185.29,440
7,Bicycle 235,Sports,719.16,117
8,Football 848,Sports,1209.91,52
9,Water 406,Food,210.01,396
10,Protein 756,Health,1489.45,73
11,Laptop 724,Electronics,976.78,225
12,Cookies 743,Food,1123.66,470
13,Weights 803,Sports,666.36,111
14,Phone 243,Electronics,1129.91,301
15,Saw 459,Tools,1445.06,161
16,Protein 353,Health,419.07,43
17,Shoes 897,Clothing,1412.21,13
18,Bandages 996,Health,455.97,265
19,Guide 293,Books,1123.03,151
20,Hammer 902,Tools,1347.38,488
21,Scarf 495,Clothing,173.55,255
22,Wrench 172,Tools,794.79,500
23,Mouse 424,Electronics,202.31,440
24,Thermometer 530,Health,551.29,349
25,Scarf 888,Clothing,114.12,300
26,Laptop 368,Electronics,327.54,472
27,Headphones 618,Electronics,433.3,364
28,Biography 533,Books,1054.21,42
29,Wrench 650,Tools,925.99,142
30,Keyboard 180,Electronics,769.4,104
31,Protein 649,Health,493.49,300
32,Pliers 797,Tools,966.52,158
33,Saw 847,Tools,1430.37,122
34,Monitor 188,Electronics,1387.32,59
35,Weights 723,Sports,87.27,341
36,Pliers 858,Tools,267.59,6
37,Screwdriver 818,Tools,21.97,254
38,Juice 270,Food,560.94,383
39,Mask 850,Health,1330.19,394
40,Mouse 926,Electronics,646.84,268
41,Keyboard 829,Electronics,1462.7,321
42,Speaker 566,Electronics,768.62,28
43,Weights 270,Sports,554.69,130
44,Vitamins 687,Health,1012.81,59
45,T-Shirt 145,Clothing,1288.74,6
46,T-Shirt 583,Clothing,549.14,471
47,Jacket 978,Clothing,57.87,411
48,Pliers 771,Tools,631.96,164
49,Socks 837,Clothing,483.3,422
50,Mouse 222,Electronics,755.55,461
51,Tablet 328,Electronics,1207.49,23
52,Football 998,Sports,700.32,144
53,Mask 435,Health,134.15,233
54,Mouse 305,Electronics,440.93,401
55,Cookies 575,Food,555.57,497
56,Basketball 850,Sports,1351.16,389
57,Protein 254,Health,14.53,209
58,Monitor 654,Electronics,522.9,429
59,Hammer 443,Tools,7.19,336
60,Bicycle 844,Sports,464.73,105
61,Textbook 529,Books,740.58,30
62,Shoes 195,Clothing,70.63,118
63,Thermometer 522,Health,1052.77,190
64,Bicycle 186,Sports,873.25,258
65,Socks 176,Clothing,889.88,31
66,Bicycle 233,Sports,358.97,133
67,Mask 920,Health,592.46,425
68,Drill 425,Tools,681.87,119
69,Monitor 239,Electronics,1171.01,299
70,Tablet 208,Electronics,250.74,238
71,Snacks 223,Food,806.21,493
72,Protein 562,Health,465.92,135
73,Vitamins 192,Health,240.63,351
74,Coffee 320,Food,1254.71,167
75,Jeans 828,Clothing,376.09,182
76,Weights 150,Sports,1017.39,133
77,Protein 131,Health,1428.38,437
78,Weights 866,Sports,827.43,48
79,Football 923,Sports,1191.75,62
80,Laptop 950,Electronics,1172.54,113
81,Dress 943,Clothing,603.87,351
82,Pliers 186,Tools,875.57,132
83,Vitamins 122,Health,1495.76,101
84,Saw 928,Tools,197.54,463
85,Mask 225,Health,68.83,236
86,Tablet 687,Electronics,652.57,370
87,Yoga Mat 130,Sports,577.18,218
88,Hat 319,Clothing,1362.91,140
89,Cereal 252,Food,56.8,317
90,Textbook 762,Books,446.18,210
91,Biography 162,Books,136.14,196
92,Socks 304,Clothing,965.77,408
93,Textbook 745,Books,1491.16,278
94,Vitamins 491,Health,1173.96,183
95,Weights 900,Sports,729.6,467
96,Guide 429,Books,585.63,92
97,Mouse 711,Electronics,332.44,458
98,Mask 159,Health,1213.94,241
99,Comic 885,Books,878.06,119
100,Jeans 353,Clothing,987.01,136
