sale_id,employee_id,product_id,amount,sale_date,region
1,22,75,3919.54,2023-09-01,CDMX
2,306,20,1863.28,2021-07-03,Sur
3,81,64,466.09,2024-06-20,Este
4,477,98,3129.41,2021-05-03,Este
5,331,20,3509.63,2021-08-08,Sur
6,250,30,1590.53,2024-02-18,Monterrey
7,331,97,1743.12,2023-06-18,CDMX
8,99,3,3449.36,2023-01-04,CDMX
9,69,33,4494.33,2023-09-21,CDMX
10,225,72,1480.63,2024-11-28,Oeste
11,98,73,941.27,2022-12-14,Este
12,375,60,1383.87,2024-05-11,Monterrey
13,284,21,353.69,2021-11-14,Oeste
14,152,34,2712.61,2023-07-19,Norte
15,398,82,2534.73,2022-01-15,Norte
16,318,47,3882.32,2022-05-05,Este
17,370,9,3294.86,2024-01-09,Monterrey
18,199,25,2625.11,2023-10-16,Monterrey
19,283,20,3069.07,2022-10-23,Oeste
20,329,42,561.22,2023-12-08,CDMX
21,35,6,4177.61,2021-09-23,Sur
22,448,5,1018.37,2023-09-22,Sur
23,51,5,2859.35,2023-03-07,CDMX
24,251,68,3123.61,2024-04-23,Este
25,26,47,1111.41,2021-05-26,Norte
26,477,27,3282.19,2021-06-13,Oeste
27,411,82,312.89,2024-02-17,CDMX
28,481,54,4111.91,2024-12-21,Norte
29,422,79,1336.42,2021-03-25,CDMX
30,37,39,398.9,2022-03-19,Centro
31,50,13,3628.61,2023-12-25,Oeste
32,98,25,2635.7,2022-05-25,Centro
33,321,23,2796.53,2024-02-18,Oeste
34,383,14,3833.75,2024-03-26,Este
35,346,59,3515.73,2023-05-25,Norte
36,86,24,2754.33,2023-10-31,Este
37,337,21,2674.16,2024-05-13,Oeste
38,478,46,4513.4,2024-02-01,Este
39,433,48,2067.59,2024-07-20,Oeste
40,423,93,1624.02,2022-05-08,Centro
41,280,28,1881.56,2024-02-01,CDMX
42,131,47,4808.64,2023-07-06,Oeste
43,1,93,182.97,2022-08-06,Centro
44,9,67,684.08,2022-09-11,Norte
45,154,29,1081.97,2022-10-07,Norte
46,396,89,4113.46,2024-02-08,Centro
47,285,74,4630.35,2021-11-13,Norte
48,20,59,1784.72,2021-10-11,Este
49,188,75,1256.79,2022-06-09,Monterrey
50,154,12,2856.73,2024-03-11,Sur
51,376,10,3620.67,2023-09-16,Sur
52,250,89,3517.21,2021-07-15,Centro
53,329,39,196.48,2024-03-26,Oeste
54,41,100,289.05,2022-11-16,Este
55,451,56,2088.44,2021-09-04,Monterrey
56,395,30,3740.92,2024-05-18,Norte
57,325,100,3164.65,2021-04-21,Este
58,269,6,1603.39,2024-03-02,Sur
59,168,65,3491.87,2021-11-10,Norte
60,345,94,4986.86,2023-07-02,Monterrey
61,305,74,2528.6,2022-03-31,Oeste
62,149,51,748.58,2022-11-20,Norte
63,244,74,3729.12,2024-01-28,Oeste
64,135,11,1998.65,2023-06-09,Monterrey
65,358,17,3812.54,2023-09-12,Centro
66,102,63,1982.64,2024-03-16,Sur
67,288,79,4985.42,2023-12-10,Sur
68,125,10,1338.62,2023-05-31,Este
69,351,74,457.08,2024-10-07,Oeste
70,217,47,1748.06,2022-10-19,Este
71,305,84,130.79,2022-09-17,Sur
72,180,79,4109.7,2023-06-25,Centro
73,75,57,233.94,2022-04-24,Sur
74,351,48,788.4,2021-06-25,Norte
75,379,7,1222.81,2024-06-25,Sur
76,445,37,78.53,2024-11-21,Monterrey
77,57,40,2255.81,2021-02-16,Este
78,108,95,2694.65,2022-02-22,Centro
79,268,97,1300.7,2023-09-17,Centro
80,374,19,3478.41,2024-09-30,Norte
81,193,75,4531.14,2023-12-15,Norte
82,131,22,309.95,2022-02-16,Monterrey
83,357,80,1363.69,2023-08-11,CDMX
84,484,2,342.32,2024-09-14,Este
85,340,85,1807.49,2021-08-09,Norte
86,150,84,1938.75,2023-02-19,Centro
87,364,13,4520.32,2023-09-20,Monterrey
88,306,69,449.22,2022-02-12,Centro
89,495,59,2807.83,2024-12-30,Norte
90,21,32,4612.13,2022-09-17,Este
91,251,51,3724.51,2021-02-07,Este
92,351,46,1783.34,2022-09-12,Sur
93,257,36,4061.35,2024-07-05,Este
94,450,50,4453.11,2021-03-02,Centro
95,486,36,1135.66,2022-12-01,Oeste
96,337,18,448.1,2023-02-22,Centro
97,492,87,3066.12,2024-07-05,CDMX
98,117,54,1209.4,2021-11-09,Oeste
99,497,40,4549.58,2022-11-06,Oeste
100,278,17,1041.72,2021-10-11,Centro
101,278,88,4002.52,2021-10-10,Este
102,353,91,4494.23,2021-10-04,Oeste
103,466,99,734.31,2024-03-02,Sur
104,163,9,2791.13,2021-08-31,Sur
105,163,19,3638.13,2022-10-15,Oeste
106,493,53,1523.71,2024-07-28,CDMX
107,141,20,3897.75,2021-08-07,Sur
108,95,4,3814.61,2024-06-07,Centro
109,137,78,2839.55,2022-04-18,Centro
110,119,30,3440.02,2023-01-06,Norte
111,353,100,2388.25,2023-10-26,Monterrey
112,310,61,3562.98,2023-02-05,Sur
113,437,50,2462.31,2021-10-09,Sur
114,99,29,170.83,2021-01-31,Este
115,487,53,1120.55,2024-10-06,Sur
116,388,27,340.02,2023-06-19,Monterrey
117,316,63,3442.43,2023-07-27,Sur
118,219,52,3883.31,2024-05-30,CDMX
119,423,49,3603.8,2023-03-19,Centro
120,481,96,2863.95,2024-01-04,Centro
121,329,91,3936.73,2023-12-03,Norte
122,232,59,4136.78,2021-03-28,Sur
123,266,69,1984.1,2021-03-22,Centro
124,199,67,3828.15,2021-04-11,Sur
125,150,57,1996.22,2022-09-16,Monterrey
126,424,37,2312.12,2023-05-16,Este
127,314,7,3452.87,2021-10-19,Oeste
128,425,83,2263.97,2023-10-23,Norte
129,93,100,2931.38,2024-11-26,Centro
130,70,51,2073.66,2023-07-13,Norte
131,92,59,2955.67,2024-12-30,Sur
132,452,59,460.0,2022-10-26,CDMX
133,333,92,3984.47,2021-09-11,Norte
134,59,91,2252.5,2023-01-14,Norte
135,269,91,1926.6,2023-11-14,Centro
136,487,21,1899.61,2023-02-19,Norte
137,394,22,4562.14,2024-03-04,Monterrey
138,338,20,819.0,2021-10-24,Sur
139,394,92,266.04,2022-09-23,Este
140,374,99,4805.22,2022-08-15,CDMX
141,93,16,4493.72,2022-02-20,Norte
142,319,98,1273.02,2023-07-29,Oeste
143,438,64,2722.07,2021-01-12,Centro
144,452,64,1197.01,2024-04-20,CDMX
145,244,59,2056.66,2021-06-12,Centro
146,308,1,1231.12,2024-01-26,Este
147,318,81,2792.17,2022-03-02,Norte
148,95,19,284.77,2022-12-16,Norte
149,75,5,3338.31,2024-05-20,Este
150,170,12,254.67,2023-05-04,Sur
151,83,87,1429.06,2024-09-15,CDMX
152,359,77,2865.69,2024-02-26,Sur
153,495,59,3749.18,2023-01-08,Norte
154,48,99,1503.48,2023-01-25,Oeste
155,420,9,3794.63,2024-02-02,Norte
156,150,61,681.38,2024-11-23,Monterrey
157,141,43,2639.99,2023-12-11,Sur
158,357,27,3064.15,2021-08-12,Centro
159,374,81,2649.44,2021-06-29,Oeste
160,371,89,3027.84,2024-12-18,Este
161,219,78,4240.51,2022-06-16,Centro
162,295,80,1775.73,2021-09-23,Centro
163,289,64,2603.33,2024-07-18,Oeste
164,253,24,4419.48,2022-04-22,CDMX
165,149,25,17.89,2021-02-19,Oeste
166,321,16,3689.97,2022-03-01,Monterrey
167,316,54,2076.07,2022-11-15,Este
168,287,82,1069.57,2024-08-04,Sur
169,354,37,1279.54,2021-05-19,Este
170,154,65,2754.47,2021-01-13,Norte
171,352,43,1713.39,2024-03-11,Centro
172,492,4,4161.89,2022-02-02,Este
173,427,44,4612.18,2023-09-09,Oeste
174,409,5,3231.8,2023-09-14,Sur
175,322,59,4461.37,2024-01-05,Este
176,237,53,4639.67,2021-04-25,Monterrey
177,267,39,2829.06,2024-10-20,Este
178,285,69,103.4,2024-03-28,CDMX
179,170,46,340.4,2021-11-02,Este
180,431,4,1702.37,2023-02-08,CDMX
181,274,22,2859.2,2023-03-09,Sur
182,305,15,4324.32,2022-09-24,CDMX
183,440,41,3552.1,2022-07-11,Oeste
184,45,64,4386.47,2023-02-01,Oeste
185,425,39,1088.54,2022-09-12,Sur
186,58,48,3926.87,2022-02-18,Norte
187,228,65,134.42,2023-09-16,Centro
188,79,25,1707.18,2023-09-18,CDMX
189,448,68,1558.69,2022-11-02,Sur
190,394,13,4112.47,2023-11-24,CDMX
191,68,27,3625.61,2023-07-30,Oeste
192,366,67,588.02,2022-09-29,Norte
193,352,77,4360.66,2022-11-14,Oeste
194,456,6,524.48,2024-09-11,CDMX
195,160,3,2892.02,2022-10-02,CDMX
196,457,27,1611.19,2022-01-30,Este
197,142,69,1602.56,2023-06-23,CDMX
198,61,35,755.11,2022-07-15,Norte
199,8,80,2802.53,2021-07-29,Sur
200,278,45,2751.33,2022-07-10,Sur
201,483,91,4021.97,2024-03-21,Sur
202,88,10,1563.77,2022-11-25,Centro
203,228,7,659.07,2023-08-23,CDMX
204,26,14,1924.16,2021-06-26,Oeste
205,201,23,3526.34,2024-04-28,CDMX
206,429,89,3499.83,2024-06-16,Este
207,160,43,4089.04,2024-12-31,Monterrey
208,344,69,401.94,2023-08-12,Centro
209,68,12,4066.13,2024-12-01,Oeste
210,50,59,1558.85,2024-08-12,CDMX
211,393,60,2358.02,2022-04-04,Sur
212,441,79,1297.68,2023-01-15,Oeste
213,94,90,4587.15,2022-11-08,Monterrey
214,441,42,2271.88,2021-03-03,Norte
215,244,15,1763.69,2023-08-03,Monterrey
216,88,37,3842.03,2024-05-22,Centro
217,66,66,523.63,2021-08-08,Este
218,285,84,363.91,2022-09-11,Centro
219,237,52,2956.77,2022-05-04,Centro
220,125,71,803.51,2023-09-15,Oeste
221,34,44,1049.11,2024-11-22,Centro
222,221,56,2840.38,2022-12-02,Centro
223,356,31,873.7,2024-10-03,Norte
224,379,92,2875.2,2023-09-24,Norte
225,304,77,2319.91,2024-02-11,Norte
226,421,57,889.11,2023-04-12,Norte
227,307,14,3430.69,2024-05-06,Monterrey
228,420,49,1643.77,2024-08-13,CDMX
229,32,12,1095.88,2021-10-12,Centro
230,463,97,3184.3,2021-01-01,Monterrey
231,76,85,754.59,2023-12-25,Este
232,200,79,2893.88,2022-02-05,Sur
233,349,41,1505.68,2024-10-23,Este
234,471,56,3591.78,2022-12-07,Norte
235,299,2,3061.34,2023-11-12,Oeste
236,434,17,4264.0,2021-05-08,Este
237,462,71,4839.82,2021-01-02,CDMX
238,287,46,557.39,2022-08-01,Monterrey
239,16,31,2164.26,2024-04-23,Oeste
240,321,41,3561.75,2023-04-12,Oeste
241,223,70,1063.97,2021-12-22,Oeste
242,72,25,2781.55,2023-01-08,Monterrey
243,214,20,1449.47,2024-10-04,Sur
244,69,2,368.01,2021-02-02,Sur
245,370,63,3293.05,2021-10-06,Norte
246,71,83,4031.65,2023-07-23,Monterrey
247,357,78,4652.25,2024-06-30,Sur
248,233,66,2126.38,2023-07-11,Oeste
249,182,29,937.1,2024-05-23,Norte
250,296,64,4235.55,2022-04-30,CDMX
251,257,35,2060.08,2024-01-24,Centro
252,188,5,4891.38,2024-03-09,Oeste
253,361,48,574.69,2023-09-14,CDMX
254,41,19,3653.63,2023-12-15,Monterrey
255,385,100,1404.31,2023-11-25,Norte
256,268,79,451.35,2023-08-26,CDMX
257,380,85,4802.45,2021-06-09,CDMX
258,325,70,3992.51,2022-10-02,Centro
259,28,44,2679.82,2021-01-23,Oeste
260,233,66,4531.21,2024-03-21,CDMX
261,170,54,1771.04,2022-08-27,Este
262,86,5,3478.31,2024-05-08,CDMX
263,156,94,3927.26,2022-06-18,Norte
264,323,61,2894.92,2024-03-19,Norte
265,337,38,4046.39,2024-07-02,Norte
266,147,63,421.73,2023-11-02,Norte
267,436,36,1267.73,2024-06-15,Este
268,141,33,80.87,2021-08-17,Centro
269,90,76,3697.45,2024-09-11,Oeste
270,190,23,1313.65,2024-12-06,Sur
271,249,24,3998.87,2021-03-09,Este
272,44,19,2981.77,2021-11-12,Monterrey
273,254,97,4967.99,2023-02-24,Sur
274,339,57,3632.74,2021-12-09,Sur
275,296,94,4210.75,2021-04-22,CDMX
276,136,97,4099.46,2021-04-18,Sur
277,238,52,2386.4,2023-09-03,CDMX
278,486,97,4613.07,2022-04-24,Oeste
279,350,91,1956.45,2022-06-22,Sur
280,272,56,69.2,2023-07-09,Oeste
281,348,41,4809.2,2024-10-30,Norte
282,50,69,3190.75,2023-06-04,Centro
283,471,84,4293.19,2022-11-18,Este
284,137,13,1284.17,2024-04-11,Oeste
285,237,99,3379.7,2022-05-11,CDMX
286,345,76,3854.78,2023-12-01,Este
287,347,89,4966.14,2022-10-04,Centro
288,6,87,52.3,2021-05-20,Norte
289,211,13,2631.07,2024-11-04,Oeste
290,180,29,3629.0,2022-05-31,Sur
291,18,4,3100.79,2021-04-27,Centro
292,337,28,4752.94,2024-07-30,Norte
293,363,16,441.07,2024-05-23,Sur
294,193,85,3821.65,2024-08-19,Centro
295,412,24,4481.05,2024-11-25,Sur
296,130,38,2340.11,2021-06-05,CDMX
297,233,36,3849.1,2024-11-18,CDMX
298,395,99,1623.79,2021-11-28,Monterrey
299,38,36,3887.76,2023-02-23,Oeste
300,171,8,1298.61,2022-06-27,Sur
301,226,9,2463.69,2022-02-15,Centro
302,202,23,3230.96,2021-08-11,Sur
303,277,99,2161.96,2024-06-11,CDMX
304,55,57,3579.85,2021-07-31,Norte
305,38,10,2861.01,2022-05-29,Monterrey
306,229,3,4483.6,2021-11-01,CDMX
307,328,1,4665.14,2024-09-23,Oeste
308,137,20,3503.28,2023-03-13,Centro
309,2,66,3540.95,2023-10-02,Oeste
310,224,52,4221.81,2021-05-24,Centro
311,116,1,1928.28,2024-11-12,Monterrey
312,400,62,614.81,2024-01-02,Este
313,171,88,1521.11,2021-04-24,CDMX
314,491,83,462.43,2023-12-31,Monterrey
315,492,44,411.48,2023-07-31,Monterrey
316,393,38,3242.48,2021-12-28,Centro
317,21,50,3307.06,2022-09-05,CDMX
318,200,14,3156.78,2023-01-06,Oeste
319,44,81,2195.54,2022-01-24,Sur
320,19,25,136.57,2024-04-29,Sur
321,251,50,324.33,2024-01-13,CDMX
322,158,64,2674.36,2023-07-10,Norte
323,19,44,289.71,2021-03-29,Oeste
324,61,28,4037.45,2024-09-28,Centro
325,235,87,4352.3,2024-01-04,Sur
326,380,75,1172.6,2021-05-28,Norte
327,377,19,2449.58,2021-02-09,Oeste
328,465,80,238.55,2024-12-07,CDMX
329,67,2,869.52,2021-04-13,Este
330,421,13,2286.36,2021-12-16,Monterrey
331,303,9,4090.82,2021-08-06,Norte
332,255,77,3997.88,2022-03-28,Norte
333,412,26,2136.8,2024-10-21,Oeste
334,167,16,4879.51,2024-03-25,Centro
335,71,42,4183.77,2022-03-13,Monterrey
336,24,76,875.5,2021-05-10,Norte
337,141,19,3790.17,2021-12-11,CDMX
338,190,71,833.38,2022-05-14,Centro
339,21,18,508.84,2024-07-18,Centro
340,193,100,797.19,2023-09-25,Norte
341,4,1,905.27,2021-07-02,CDMX
342,334,76,4435.71,2023-05-03,CDMX
343,414,99,2385.3,2021-09-17,Sur
344,74,82,1362.04,2023-07-12,Oeste
345,123,23,3056.58,2021-03-19,Centro
346,93,92,2504.44,2021-06-30,CDMX
347,424,39,1745.79,2021-01-10,Centro
348,121,25,596.36,2023-12-22,Norte
349,317,47,4315.03,2024-01-11,Centro
350,113,60,3853.95,2024-09-12,Sur
351,142,7,976.66,2021-11-02,CDMX
352,433,61,2492.6,2021-11-24,CDMX
353,473,6,279.6,2023-01-16,Este
354,108,56,1264.4,2024-06-17,Monterrey
355,456,98,2271.21,2021-08-02,CDMX
356,27,69,887.68,2021-03-01,Oeste
357,264,15,363.59,2022-04-27,CDMX
358,228,76,2903.01,2023-05-09,Sur
359,383,87,4492.88,2022-04-17,Monterrey
360,57,42,1146.63,2022-05-01,CDMX
361,212,26,1883.91,2022-03-28,Norte
362,242,75,2427.19,2023-06-12,Sur
363,111,79,2280.4,2023-03-05,Este
364,70,59,3601.91,2024-07-18,Este
365,500,35,1019.03,2021-09-18,Norte
366,355,73,307.66,2021-10-07,Norte
367,437,60,2298.31,2021-12-17,Monterrey
368,176,29,4433.18,2024-05-21,Sur
369,405,82,4764.27,2021-12-15,Centro
370,497,71,4276.47,2021-06-27,Oeste
371,439,67,2451.17,2022-03-20,Centro
372,243,60,1403.06,2023-05-27,CDMX
373,447,32,1246.68,2023-06-09,Centro
374,114,76,4731.8,2024-03-20,Norte
375,214,6,209.89,2023-08-22,CDMX
376,394,65,177.77,2023-12-24,Oeste
377,246,90,4108.24,2023-07-16,Oeste
378,124,11,2796.85,2021-01-26,CDMX
379,375,53,4750.17,2021-09-29,Este
380,152,31,3241.72,2021-07-05,Norte
381,246,86,1531.13,2024-12-11,Oeste
382,440,74,3738.96,2021-02-19,Oeste
383,238,99,701.73,2024-12-11,Oeste
384,95,48,3137.79,2024-12-12,CDMX
385,1,81,362.79,2024-11-15,Este
386,272,5,1489.98,2022-07-07,CDMX
387,485,79,2716.75,2022-03-01,Monterrey
388,351,11,3106.07,2022-11-19,CDMX
389,478,8,2578.54,2024-10-13,Este
390,455,7,563.72,2023-01-19,Oeste
391,317,6,1834.2,2021-12-25,CDMX
392,287,91,344.36,2024-12-23,Monterrey
393,105,18,4906.45,2022-05-04,Centro
394,59,84,2397.68,2024-04-03,Monterrey
395,492,90,1056.87,2022-04-07,Este
396,181,35,2522.79,2023-05-17,Este
397,28,9,1870.34,2023-07-16,Oeste
398,257,68,4149.5,2023-08-21,CDMX
399,273,87,4128.64,2022-08-22,Oeste
400,318,48,4001.52,2024-11-20,Monterrey
401,482,9,949.88,2023-07-27,Norte
402,42,51,4490.75,2022-08-14,Norte
403,56,22,1386.95,2024-11-28,Sur
404,255,20,4376.22,2023-12-03,CDMX
405,12,38,2088.52,2024-10-29,Centro
406,478,17,2374.79,2023-05-11,Oeste
407,378,83,117.2,2022-01-23,Norte
408,12,30,4176.39,2023-12-01,CDMX
409,172,53,2897.74,2024-09-04,CDMX
410,403,42,2435.88,2024-09-25,CDMX
411,272,71,2231.83,2022-09-15,Centro
412,68,40,866.97,2022-06-17,Sur
413,248,48,4853.91,2021-04-07,Sur
414,181,37,2285.07,2021-12-07,Centro
415,474,21,3561.94,2022-08-08,Sur
416,499,23,4198.27,2024-11-19,CDMX
417,407,20,814.66,2021-08-28,Norte
418,163,74,641.1,2022-06-18,Este
419,95,27,2816.81,2021-03-13,CDMX
420,163,45,748.24,2023-07-08,Centro
421,500,21,2672.88,2021-09-06,Norte
422,208,64,3844.91,2023-07-28,Este
423,80,1,4851.05,2024-01-24,Centro
424,170,83,3530.2,2023-08-29,Este
425,497,97,4903.64,2024-03-20,CDMX
426,76,73,3645.43,2023-06-25,Este
427,353,15,3660.89,2021-03-24,Sur
428,348,71,593.21,2021-02-20,Oeste
429,317,29,2235.4,2021-07-09,Este
430,29,78,3210.15,2024-04-09,Centro
431,114,99,1396.86,2021-02-16,Norte
432,276,58,3388.55,2021-06-28,Centro
433,202,25,2457.42,2024-05-20,Centro
434,262,8,4543.15,2023-01-10,Oeste
435,76,92,4270.48,2023-01-28,Oeste
436,191,2,1430.41,2022-12-21,Este
437,229,72,447.12,2023-06-29,CDMX
438,213,57,1450.28,2023-05-19,CDMX
439,459,54,706.44,2024-04-17,Centro
440,45,19,1046.84,2023-08-31,Monterrey
441,269,43,339.92,2024-04-24,Monterrey
442,193,12,43.03,2024-08-01,Este
443,213,23,2783.51,2024-12-25,Centro
444,387,18,1004.3,2023-02-21,Este
445,284,63,220.74,2022-09-11,Monterrey
446,300,39,2475.56,2023-08-08,Sur
447,14,1,778.58,2022-09-07,CDMX
448,428,82,2367.98,2024-09-01,CDMX
449,458,37,2091.61,2023-10-05,CDMX
450,331,32,151.93,2022-07-22,Oeste
451,497,9,2998.47,2023-01-11,Centro
452,247,73,2185.98,2022-06-13,CDMX
453,352,61,4871.55,2021-09-02,Este
454,263,94,2880.57,2022-06-16,Sur
455,298,8,739.22,2023-08-03,CDMX
456,70,46,824.91,2022-07-13,Este
457,215,82,4561.4,2022-12-31,Norte
458,149,38,2652.77,2021-06-07,Centro
459,100,99,3143.87,2021-07-13,Centro
460,386,22,2723.12,2022-10-10,Monterrey
461,433,88,4001.39,2022-07-10,CDMX
462,358,89,1818.99,2023-12-31,Centro
463,181,19,74.36,2023-11-28,Este
464,191,100,2429.65,2022-11-28,Sur
465,53,28,781.23,2022-03-29,Monterrey
466,97,72,3071.01,2023-12-13,Monterrey
467,273,92,2760.05,2021-08-22,Oeste
468,236,10,591.66,2021-09-26,Norte
469,246,45,1564.75,2023-01-13,Sur
470,419,57,4449.73,2024-05-08,Centro
471,391,44,869.31,2022-09-16,Norte
472,382,16,1119.57,2024-11-22,Sur
473,353,30,1544.07,2022-03-06,Sur
474,41,55,3457.18,2021-08-17,Norte
475,10,100,2426.43,2023-06-03,Norte
476,101,14,173.64,2024-09-13,Centro
477,304,8,2350.72,2022-06-03,Norte
478,34,39,3341.26,2021-07-17,Monterrey
479,64,78,1034.95,2022-02-14,Sur
480,344,45,156.0,2021-10-26,Monterrey
481,383,36,4744.47,2022-12-14,Este
482,83,65,3906.2,2024-06-09,Sur
483,259,73,351.0,2024-03-30,Monterrey
484,8,68,1092.82,2022-01-28,Este
485,88,97,2690.26,2021-07-22,Sur
486,472,65,4257.97,2023-08-31,Este
487,358,76,933.78,2024-10-11,Norte
488,93,46,4906.69,2023-05-19,Sur
489,264,30,2043.81,2022-10-06,Norte
490,239,15,2603.44,2023-10-13,Monterrey
491,185,91,1448.47,2021-03-25,Norte
492,168,64,587.46,2022-08-04,Oeste
493,308,95,1566.91,2023-06-29,Sur
494,284,53,1460.04,2023-05-27,Sur
495,439,9,4474.83,2023-09-02,CDMX
496,189,23,73.8,2024-10-12,Oeste
497,345,14,1987.89,2023-12-07,CDMX
498,347,11,604.9,2023-03-20,Oeste
499,356,76,4888.08,2021-12-12,Norte
500,187,26,1699.77,2024-05-03,Monterrey
501,207,16,1172.02,2023-05-20,CDMX
502,256,36,3826.44,2024-04-06,Centro
503,140,97,3949.57,2024-08-11,Oeste
504,183,61,3336.72,2023-04-09,Oeste
505,262,36,745.4,2023-07-21,Norte
506,63,33,2451.81,2022-04-18,CDMX
507,483,18,158.32,2021-04-19,Monterrey
508,35,64,3393.76,2022-01-02,Oeste
509,310,87,1641.51,2022-09-13,Centro
510,320,13,3803.26,2024-09-15,Monterrey
511,267,99,2466.02,2023-08-13,Sur
512,151,85,2494.52,2023-10-31,Este
513,278,44,4049.31,2024-01-13,Centro
514,10,98,167.68,2023-06-01,Norte
515,197,58,1579.65,2023-02-10,Oeste
516,236,5,173.97,2024-02-15,CDMX
517,441,100,1522.19,2024-12-17,Sur
518,252,56,681.1,2023-03-08,Oeste
519,392,15,2848.59,2023-10-02,CDMX
520,284,88,2701.57,2023-08-21,Oeste
521,288,21,2538.36,2023-03-13,Este
522,254,76,4854.65,2024-06-17,CDMX
523,181,99,4889.14,2022-10-19,Norte
524,15,76,235.14,2023-01-21,Este
525,415,95,2924.0,2024-07-04,Este
526,195,13,2146.46,2023-01-02,Oeste
527,180,8,3309.59,2022-05-23,Sur
528,332,40,2966.73,2024-11-10,Norte
529,445,40,581.21,2021-12-14,Norte
530,276,42,196.51,2024-09-09,Monterrey
531,217,73,2578.65,2023-05-13,Este
532,11,90,2353.8,2021-02-15,Este
533,194,74,1957.6,2024-03-18,Norte
534,414,63,509.28,2024-10-14,Sur
535,173,64,2518.81,2024-09-28,Este
536,86,79,1504.61,2023-06-12,Sur
537,255,82,4238.2,2021-06-04,Monterrey
538,436,69,1078.26,2022-06-28,Norte
539,153,74,2016.12,2022-04-08,Centro
540,381,12,3591.36,2024-03-30,Norte
541,304,44,1374.09,2024-03-06,Monterrey
542,272,61,2141.26,2022-12-13,Monterrey
543,40,84,4120.46,2023-10-31,Monterrey
544,154,56,3320.65,2022-10-04,Sur
545,213,52,1263.81,2023-11-22,Oeste
546,344,98,2742.34,2021-02-08,CDMX
547,361,67,4314.92,2024-03-27,Oeste
548,110,85,4810.96,2023-08-16,Este
549,480,82,2668.27,2024-06-12,Monterrey
550,394,56,4673.83,2024-07-07,Norte
551,268,26,1827.73,2021-10-30,Sur
552,78,96,3429.68,2022-09-07,Monterrey
553,223,53,1600.08,2021-05-12,CDMX
554,105,53,1342.0,2022-08-11,CDMX
555,83,33,3437.41,2022-04-29,Oeste
556,123,15,758.31,2021-02-26,Sur
557,409,40,2326.16,2024-02-21,Oeste
558,217,83,4529.22,2022-02-18,Sur
559,140,18,155.42,2022-07-23,CDMX
560,282,23,3225.03,2021-03-28,CDMX
561,249,3,286.08,2021-06-21,Este
562,309,39,4337.19,2023-04-14,Este
563,344,85,4429.74,2023-03-24,Monterrey
564,371,18,1187.85,2024-03-15,CDMX
565,257,16,2614.57,2024-04-03,Monterrey
566,477,68,1266.52,2021-07-04,Sur
567,308,16,3868.22,2022-10-04,Este
568,427,75,3688.81,2022-04-29,Oeste
569,112,19,543.0,2022-03-15,Este
570,226,53,1278.99,2024-04-22,Norte
571,252,69,1879.78,2021-08-20,Este
572,280,55,2379.52,2022-05-20,Este
573,451,19,1821.36,2023-01-24,Monterrey
574,158,3,3230.53,2024-05-25,Norte
575,431,95,3314.49,2021-04-22,CDMX
576,470,86,1205.98,2024-02-06,Oeste
577,159,82,4792.83,2023-01-14,Monterrey
578,351,16,2679.2,2022-04-30,Monterrey
579,227,50,49.25,2023-03-16,Este
580,155,12,4682.25,2022-04-28,Este
581,108,21,4580.3,2024-07-17,Este
582,451,99,3225.7,2021-03-11,Este
583,444,11,4117.76,2023-10-04,Oeste
584,378,53,4633.22,2022-11-13,CDMX
585,217,13,4123.76,2024-12-01,Este
586,260,9,1765.76,2024-05-18,CDMX
587,417,71,3691.55,2023-07-18,CDMX
588,15,98,269.97,2024-08-06,Sur
589,323,57,3957.19,2021-10-06,Norte
590,206,26,3145.2,2022-10-05,Centro
591,43,15,797.53,2023-11-24,CDMX
592,497,99,4154.8,2021-09-24,Monterrey
593,305,88,2057.48,2022-10-17,Oeste
594,245,95,676.21,2021-12-22,CDMX
595,304,42,3999.65,2022-02-11,Norte
596,213,48,917.63,2023-02-12,Monterrey
597,453,74,1130.19,2021-02-17,Centro
598,332,79,3136.87,2021-07-02,Oeste
599,102,34,3509.29,2021-12-12,Norte
600,206,80,2150.23,2022-06-17,Sur
601,46,48,858.91,2024-03-07,Norte
602,8,92,2633.93,2023-07-19,Monterrey
603,345,64,601.38,2022-02-21,Sur
604,485,35,1446.93,2023-10-10,Oeste
605,67,56,4283.13,2024-05-13,Sur
606,422,37,3636.27,2022-01-23,Oeste
607,93,53,3964.39,2021-02-28,Este
608,500,34,1185.07,2023-07-13,Sur
609,190,75,3424.49,2023-07-28,Norte
610,6,61,674.69,2022-10-25,CDMX
611,204,88,1068.97,2023-02-25,CDMX
612,217,95,2990.01,2021-05-30,Norte
613,286,8,270.04,2022-04-26,Oeste
614,466,46,4983.73,2024-10-05,Monterrey
615,307,91,3743.73,2021-04-04,Norte
616,130,65,3102.09,2022-09-12,Oeste
617,344,48,669.87,2024-02-20,Norte
618,298,23,1308.86,2023-10-29,Oeste
619,477,44,4390.7,2021-09-28,Norte
620,163,91,2656.81,2021-10-18,Este
621,60,41,230.37,2021-09-19,Oeste
622,447,36,3741.64,2023-05-31,Este
623,463,34,3068.53,2022-06-25,Centro
624,161,56,4464.43,2022-10-09,CDMX
625,252,98,4750.75,2024-02-13,Monterrey
626,473,85,3186.89,2023-06-21,Norte
627,97,20,282.29,2022-01-11,Norte
628,241,34,826.14,2023-08-15,Oeste
629,60,64,213.55,2023-01-01,CDMX
630,288,63,2294.22,2021-08-19,Monterrey
631,369,19,627.03,2021-07-11,Sur
632,445,37,911.47,2021-12-11,CDMX
633,261,35,2820.6,2024-09-20,Centro
634,109,75,4990.04,2021-01-09,Centro
635,393,74,911.04,2021-06-07,Sur
636,394,64,3387.77,2022-11-05,Norte
637,146,88,4906.86,2021-09-07,Oeste
638,192,76,4646.45,2021-08-06,Monterrey
639,166,20,154.08,2023-08-01,Monterrey
640,363,85,2404.48,2024-07-10,Este
641,305,85,38.97,2021-03-31,CDMX
642,319,58,1631.33,2024-03-11,Sur
643,109,7,4009.77,2022-08-03,Este
644,409,8,3721.56,2024-01-26,Centro
645,196,12,2000.3,2021-12-31,Sur
646,495,99,4328.92,2021-07-02,Norte
647,437,27,823.07,2023-04-05,Este
648,332,97,4772.62,2021-11-12,Norte
649,153,63,4007.49,2022-09-28,CDMX
650,309,17,1801.63,2021-07-16,Monterrey
651,189,66,1007.36,2023-07-02,Oeste
652,244,35,2819.65,2023-05-17,Norte
653,388,55,4056.86,2024-06-11,Sur
654,223,81,2135.83,2021-03-24,Centro
655,175,60,3385.44,2024-08-19,CDMX
656,366,20,4654.03,2023-12-16,CDMX
657,332,68,429.01,2023-08-17,Oeste
658,41,62,1508.96,2021-09-19,CDMX
659,463,39,4209.27,2023-12-08,Oeste
660,152,73,248.16,2021-06-06,Norte
661,263,14,2558.15,2023-04-26,Norte
662,238,85,3604.35,2022-06-03,Este
663,131,75,418.03,2023-10-29,Norte
664,59,95,3311.28,2022-01-03,Monterrey
665,94,51,235.84,2023-05-03,CDMX
666,153,41,2940.17,2023-07-21,Monterrey
667,344,58,3122.81,2022-06-27,Este
668,495,24,1063.23,2021-06-10,CDMX
669,310,34,4359.36,2021-08-06,Oeste
670,274,3,39.18,2021-08-27,Norte
671,88,84,2390.83,2024-11-17,Oeste
672,445,85,4829.36,2024-05-17,CDMX
673,250,39,3096.31,2024-06-17,Este
674,354,87,4816.08,2024-10-14,Oeste
675,412,39,447.3,2021-10-04,Norte
676,98,15,4081.68,2024-11-26,Sur
677,440,4,1054.06,2024-08-21,Sur
678,333,31,2184.58,2024-07-06,Monterrey
679,405,69,962.66,2022-09-09,Monterrey
680,238,19,2375.21,2021-02-14,Norte
681,86,20,3696.52,2023-07-01,Oeste
682,242,3,4300.38,2024-04-13,Sur
683,104,38,2851.46,2023-03-14,Norte
684,171,2,522.29,2024-12-31,Oeste
685,213,64,3688.02,2024-05-05,CDMX
686,284,38,194.72,2023-03-30,Oeste
687,263,76,3625.82,2024-10-21,Monterrey
688,445,63,1167.21,2021-05-05,Centro
689,10,55,2886.25,2024-02-08,Norte
690,138,83,2091.52,2023-08-28,Norte
691,254,80,4695.43,2022-12-12,Oeste
692,358,56,113.83,2022-08-13,CDMX
693,99,61,1725.8,2022-04-21,Centro
694,113,76,4546.26,2022-11-26,Centro
695,437,92,3288.22,2021-09-26,Este
696,371,92,1957.95,2023-05-04,Monterrey
697,482,87,3265.98,2023-01-08,Monterrey
698,242,21,3112.99,2022-08-02,CDMX
699,384,12,3338.61,2021-09-22,Sur
700,103,21,3032.69,2021-07-26,Monterrey
701,213,64,1525.22,2022-03-05,Centro
702,25,3,1800.35,2022-06-19,Este
703,347,21,881.83,2023-10-29,Norte
704,414,9,1695.3,2021-08-22,Centro
705,117,16,2814.29,2023-09-24,Este
706,175,46,3849.18,2024-02-15,Este
707,459,20,4268.51,2023-11-22,Centro
708,343,14,3534.96,2023-06-16,Monterrey
709,235,97,563.54,2021-08-05,Monterrey
710,313,79,3912.96,2021-07-28,Monterrey
711,288,6,2541.46,2021-12-09,CDMX
712,61,27,4555.82,2021-11-18,CDMX
713,150,91,2213.17,2023-11-03,Oeste
714,376,13,779.94,2023-01-15,Este
715,420,18,623.69,2022-02-18,Oeste
716,497,54,3848.4,2021-01-14,Sur
717,428,61,1713.19,2023-11-01,Sur
718,44,35,1868.46,2023-04-30,Este
719,323,86,1234.8,2023-12-21,Oeste
720,404,30,698.59,2023-05-29,Oeste
721,471,53,4491.35,2023-11-24,Monterrey
722,350,47,4719.26,2023-06-26,Sur
723,395,2,3590.95,2023-11-26,Norte
724,44,44,1580.87,2021-12-03,Oeste
725,32,51,3798.37,2024-09-14,CDMX
726,78,74,298.47,2024-07-17,CDMX
727,410,85,4380.31,2022-08-29,Oeste
728,206,88,3506.94,2022-09-16,CDMX
729,381,41,4547.06,2021-01-17,Monterrey
730,144,68,3055.9,2021-10-28,CDMX
731,207,58,3222.96,2024-01-20,Centro
732,404,80,3263.67,2024-11-29,Este
733,455,84,2028.48,2022-02-09,Este
734,44,5,2691.79,2023-03-10,CDMX
735,369,95,4400.58,2023-12-02,Centro
736,146,28,473.17,2024-02-05,Este
737,267,44,3787.66,2021-11-24,Norte
738,15,70,2966.59,2022-05-10,Monterrey
739,397,39,3635.28,2023-11-01,Norte
740,375,8,4209.5,2022-06-16,CDMX
741,260,46,627.83,2024-08-26,Norte
742,230,39,2866.45,2021-01-11,Oeste
743,174,31,4028.88,2024-04-06,Centro
744,366,81,3330.95,2024-05-04,Sur
745,180,39,1429.83,2024-03-19,CDMX
746,72,92,1894.55,2022-05-23,Norte
747,168,67,2916.02,2023-01-10,Oeste
748,51,19,3561.09,2023-04-24,Norte
749,48,8,2130.18,2021-09-24,Oeste
750,110,58,399.58,2024-10-18,Centro
751,207,76,2799.25,2023-03-20,Monterrey
752,136,75,2499.15,2023-05-18,Oeste
753,353,63,3661.27,2023-05-04,Monterrey
754,84,19,2533.87,2023-09-20,CDMX
755,235,17,4840.48,2023-11-18,Monterrey
756,271,16,3475.41,2023-07-22,Oeste
757,17,96,792.63,2024-02-19,Este
758,472,16,3011.99,2023-04-17,Norte
759,62,48,2863.11,2021-03-24,Centro
760,79,16,1863.62,2023-02-06,Este
761,151,63,149.61,2021-10-20,Sur
762,402,76,2114.57,2022-09-17,Este
763,111,24,4097.43,2023-09-29,Norte
764,63,71,1749.76,2021-04-02,Oeste
765,247,74,1555.41,2023-07-16,Este
766,401,49,2381.39,2024-05-25,Sur
767,391,18,2528.77,2023-08-02,Monterrey
768,231,86,2250.88,2022-10-29,Norte
769,410,80,3325.87,2023-04-19,Oeste
770,120,51,1701.6,2021-04-04,CDMX
771,456,57,3682.2,2024-08-15,Norte
772,444,22,3538.97,2024-03-17,CDMX
773,408,99,3539.92,2024-02-24,CDMX
774,64,83,2801.17,2022-01-30,Centro
775,278,74,3790.5,2024-03-13,Centro
776,97,97,2384.42,2021-02-08,Norte
777,338,69,906.92,2021-02-08,Este
778,403,27,1233.98,2024-12-16,Monterrey
779,455,75,2226.71,2023-12-29,Centro
780,165,52,2948.58,2023-10-04,Monterrey
781,479,3,1706.38,2022-01-05,Oeste
782,13,68,1593.74,2022-06-11,Norte
783,59,13,2713.48,2022-08-08,Sur
784,94,33,3843.84,2021-11-12,Este
785,488,53,3396.26,2021-05-01,Centro
786,493,42,915.47,2024-12-31,Norte
787,153,50,502.73,2021-10-19,Oeste
788,458,42,1297.09,2021-09-05,Norte
789,104,31,3763.15,2024-04-15,Sur
790,253,66,3764.43,2023-02-28,Norte
791,138,8,1598.5,2024-02-07,Oeste
792,34,62,154.24,2024-07-21,Sur
793,468,3,1353.11,2024-04-15,CDMX
794,52,32,3817.26,2024-08-27,Monterrey
795,65,39,2845.55,2023-07-03,Norte
796,434,82,2507.16,2021-10-19,Este
797,277,22,3912.3,2024-01-06,Oeste
798,493,72,2264.19,2021-01-03,Monterrey
799,238,80,1453.35,2021-12-09,Norte
800,31,62,1373.78,2022-05-29,Monterrey
801,349,49,4996.22,2024-07-18,Sur
802,300,66,1413.74,2021-11-27,CDMX
803,274,73,358.98,2021-07-03,Oeste
804,358,16,4154.19,2024-02-14,Este
805,450,56,1062.14,2023-10-31,Monterrey
806,163,88,4727.59,2024-07-24,Este
807,386,91,2269.06,2022-05-19,CDMX
808,165,44,1061.01,2024-05-12,Este
809,9,89,677.29,2021-01-05,Centro
810,244,1,4508.21,2024-10-09,Sur
811,212,72,4477.39,2024-12-11,Oeste
812,391,51,2695.28,2024-08-22,CDMX
813,40,69,164.43,2024-10-07,Oeste
814,345,16,1771.44,2023-02-10,Monterrey
815,308,46,1939.89,2024-11-28,Norte
816,64,60,1858.7,2022-01-31,Oeste
817,5,29,3718.29,2022-07-30,CDMX
818,472,91,1795.53,2021-07-04,Monterrey
819,315,81,1522.86,2022-03-29,Sur
820,253,47,193.61,2023-10-07,CDMX
821,362,78,1053.34,2022-02-06,Monterrey
822,327,51,563.62,2022-07-23,Centro
823,257,64,860.68,2022-02-01,CDMX
824,379,73,3364.16,2024-05-19,Centro
825,90,9,2944.94,2021-05-14,Sur
826,133,73,4278.84,2023-12-08,CDMX
827,401,36,967.34,2024-10-20,Norte
828,497,89,3391.89,2024-06-12,Este
829,349,72,4416.68,2021-01-05,Oeste
830,329,87,4715.94,2021-04-17,Monterrey
831,481,42,2168.42,2023-04-14,Este
832,63,88,2596.29,2023-10-12,Este
833,265,98,226.89,2022-04-05,Norte
834,143,54,2666.73,2022-10-10,Norte
835,201,25,1680.18,2024-03-17,Monterrey
836,13,95,1135.88,2024-11-13,Oeste
837,491,10,4585.81,2022-02-08,Sur
838,169,40,323.59,2024-07-04,Norte
839,15,62,2165.43,2021-02-19,Centro
840,409,81,4675.95,2022-05-28,Sur
841,56,61,1199.41,2022-11-29,Monterrey
842,28,43,2603.18,2022-04-30,Norte
843,398,77,3101.64,2021-07-15,CDMX
844,229,75,632.88,2021-05-05,Norte
845,194,41,4451.52,2024-11-21,Norte
846,401,17,319.39,2023-06-25,Norte
847,155,79,3134.66,2021-05-15,Norte
848,347,8,2800.7,2022-08-27,Monterrey
849,196,52,488.19,2023-04-22,Sur
850,443,77,3939.5,2024-07-01,Norte
851,233,50,2326.4,2023-05-27,Centro
852,318,13,1704.69,2024-10-15,Monterrey
853,14,59,2590.89,2024-04-18,Sur
854,56,14,71.32,2024-12-31,Norte
855,304,25,4522.81,2021-09-16,CDMX
856,261,33,1783.4,2023-09-13,CDMX
857,318,57,937.76,2021-10-09,Monterrey
858,23,8,647.13,2024-04-12,Oeste
859,263,84,3774.32,2022-09-30,Centro
860,454,70,3879.72,2021-10-29,Oeste
861,159,78,1721.07,2023-01-26,Norte
862,266,76,3291.81,2021-10-24,Norte
863,122,65,4097.73,2024-02-20,Monterrey
864,28,55,1725.64,2022-02-15,CDMX
865,466,26,3928.47,2022-12-01,Sur
866,342,61,3476.96,2023-08-16,Centro
867,355,43,4261.52,2024-03-05,Este
868,316,39,2099.29,2021-11-29,Norte
869,233,6,2484.69,2021-01-08,CDMX
870,115,89,1159.07,2024-07-01,Sur
871,123,62,3675.59,2022-11-10,Monterrey
872,379,49,1034.53,2022-01-13,Monterrey
873,4,47,59.36,2023-01-03,Norte
874,285,15,720.59,2023-06-21,Sur
875,324,75,4564.42,2023-01-08,Norte
876,500,4,1003.62,2022-08-05,Sur
877,113,34,3597.0,2022-11-27,Monterrey
878,284,32,900.92,2021-02-14,Sur
879,432,34,4554.14,2021-02-12,Monterrey
880,347,18,1900.82,2021-08-16,Este
881,480,27,1532.31,2022-05-07,Este
882,415,48,3307.93,2023-12-16,Monterrey
883,320,56,4393.16,2021-05-14,Norte
884,74,17,3976.54,2022-01-28,Centro
885,194,89,1877.53,2024-05-12,Oeste
886,326,32,4605.86,2024-06-15,Centro
887,97,69,1477.97,2021-11-01,Este
888,127,7,3151.0,2022-07-28,Monterrey
889,65,66,4842.24,2023-09-29,Sur
890,373,11,3925.48,2024-09-20,Centro
891,34,22,2547.98,2024-08-14,Monterrey
892,261,48,2497.95,2023-08-09,Sur
893,165,92,1875.65,2024-11-23,Oeste
894,367,64,2374.05,2024-04-05,Oeste
895,327,75,3252.19,2022-03-01,Sur
896,459,26,2265.88,2022-04-26,Oeste
897,112,40,2130.86,2023-02-12,Centro
898,81,48,1280.1,2021-06-23,Sur
899,385,11,1482.29,2023-11-29,Este
900,118,75,215.3,2023-11-16,Centro
901,173,55,2261.24,2023-06-05,Oeste
902,189,64,1591.93,2023-02-23,Norte
903,92,57,1176.61,2024-08-14,Norte
904,184,11,1479.64,2023-10-25,Centro
905,280,83,400.01,2022-07-21,Sur
906,51,16,366.03,2021-03-20,Centro
907,103,43,991.27,2022-11-06,Este
908,155,96,4079.67,2024-10-31,Monterrey
909,141,25,3531.16,2021-10-10,Monterrey
910,386,92,3701.71,2022-06-19,Norte
911,395,39,1416.41,2022-12-11,Monterrey
912,207,52,4111.09,2024-09-04,Norte
913,242,84,2568.11,2021-11-02,Monterrey
914,204,30,1142.36,2022-03-06,Oeste
915,120,67,2939.15,2024-02-06,Monterrey
916,240,93,4073.84,2022-11-29,Monterrey
917,44,41,4230.55,2023-05-29,Monterrey
918,483,90,2094.26,2023-06-18,Oeste
919,437,72,160.22,2021-10-12,Centro
920,448,17,1534.8,2021-01-20,Oeste
921,415,85,4173.15,2022-11-27,Sur
922,215,55,3431.96,2023-04-07,Monterrey
923,399,89,2692.64,2022-10-30,Centro
924,12,73,3928.94,2021-10-12,Sur
925,488,43,2845.27,2024-05-19,Centro
926,294,51,4901.06,2022-02-23,Oeste
927,33,69,1938.3,2023-08-31,Norte
928,169,73,4810.07,2024-08-01,Este
929,48,22,530.52,2024-02-07,Sur
930,17,89,3020.79,2021-02-24,Sur
931,102,9,4557.61,2023-03-02,Este
932,106,30,1462.62,2023-12-10,Norte
933,233,8,1849.57,2021-01-23,Sur
934,168,53,1961.62,2021-08-15,Sur
935,275,54,2396.47,2021-05-21,Oeste
936,490,27,658.36,2022-02-26,Este
937,222,91,3327.32,2021-11-22,Centro
938,295,40,2941.58,2023-10-27,CDMX
939,351,59,1384.45,2021-01-16,Sur
940,229,9,4124.67,2024-05-23,Monterrey
941,127,68,1651.17,2024-03-11,Oeste
942,236,60,2884.9,2021-07-06,Este
943,331,59,1740.44,2024-12-28,Monterrey
944,153,51,3069.01,2021-12-25,Oeste
945,128,23,4500.82,2023-06-04,Oeste
946,197,85,925.39,2024-03-10,Norte
947,202,90,4728.98,2022-05-06,Monterrey
948,81,36,4413.95,2024-01-07,Este
949,342,9,3493.24,2022-03-21,Oeste
950,211,98,2768.59,2023-01-26,Norte
951,387,14,2526.93,2022-10-30,Oeste
952,231,22,1271.31,2023-11-03,Norte
953,237,4,375.25,2024-11-23,CDMX
954,384,60,1911.97,2023-03-29,Monterrey
955,100,51,198.5,2022-05-29,Norte
956,364,18,1642.28,2023-08-09,Oeste
957,237,9,421.92,2024-09-07,Sur
958,366,57,709.88,2022-07-26,Monterrey
959,83,22,4194.09,2024-05-28,Norte
960,91,38,629.52,2023-03-12,Sur
961,40,86,3820.31,2024-10-19,Este
962,79,57,1796.85,2022-03-20,CDMX
963,18,87,2666.17,2023-06-25,CDMX
964,25,82,4059.44,2024-08-05,CDMX
965,367,85,4486.08,2023-03-11,CDMX
966,158,57,271.55,2021-01-10,Norte
967,396,49,3837.9,2022-05-27,Este
968,466,31,1007.93,2021-02-02,Oeste
969,15,2,1692.21,2022-01-29,CDMX
970,343,9,1110.63,2021-07-17,Monterrey
971,428,86,847.74,2021-12-09,Norte
972,213,66,547.34,2022-11-01,Este
973,288,81,955.84,2022-03-01,Centro
974,203,55,612.81,2022-03-14,Norte
975,183,42,876.37,2023-04-04,CDMX
976,162,2,1952.04,2023-07-29,Sur
977,34,85,4077.27,2024-08-24,Centro
978,189,6,345.98,2022-03-24,Oeste
979,155,99,2998.36,2021-07-28,CDMX
980,275,73,865.58,2021-07-14,Centro
981,167,81,3484.61,2024-10-20,Monterrey
982,356,18,1666.91,2024-07-25,Monterrey
983,453,89,1596.66,2024-09-26,Oeste
984,35,43,98.07,2024-04-13,Oeste
985,196,66,3206.55,2022-04-22,Centro
986,301,91,4942.02,2022-04-22,Norte
987,316,98,4484.93,2022-09-25,Sur
988,378,55,3788.66,2024-06-23,Norte
989,31,18,1878.87,2022-08-31,Sur
990,78,49,1029.88,2021-03-19,Sur
991,473,93,2994.4,2023-06-28,CDMX
992,450,43,679.99,2022-10-13,CDMX
993,403,98,207.64,2023-04-30,CDMX
994,417,37,3755.25,2022-04-15,Monterrey
995,376,43,1720.21,2022-02-26,Centro
996,28,86,4942.0,2024-11-08,CDMX
997,369,29,3044.24,2023-02-21,Centro
998,165,24,2217.38,2021-01-13,Norte
999,446,63,359.22,2022-01-30,Norte
1000,325,19,4691.99,2021-09-15,Norte
1001,89,76,2748.75,2022-02-23,Sur
1002,260,11,2136.94,2023-08-15,Este
1003,85,93,995.71,2023-05-19,Sur
1004,311,32,1522.47,2024-03-26,Oeste
1005,496,82,1014.99,2023-09-13,Norte
1006,487,47,1997.24,2021-12-10,Oeste
1007,226,55,2531.41,2023-06-07,Monterrey
1008,80,62,108.86,2023-02-21,Oeste
1009,438,11,3796.7,2022-09-07,Centro
1010,276,20,2768.73,2021-12-26,Este
1011,195,60,1536.18,2022-08-04,Oeste
1012,288,78,2409.41,2022-11-14,Sur
1013,367,61,986.62,2022-01-24,Norte
1014,7,65,3654.54,2023-02-06,Oeste
1015,208,54,4702.02,2023-02-04,Oeste
1016,251,40,3208.83,2024-04-19,Norte
1017,210,5,4962.44,2021-09-12,Oeste
1018,478,73,820.19,2023-06-13,Este
1019,395,97,3614.0,2023-11-10,CDMX
1020,251,82,3445.56,2024-11-27,Norte
1021,334,50,4633.33,2022-05-21,Sur
1022,245,5,4608.13,2023-01-11,CDMX
1023,362,87,151.0,2024-09-25,CDMX
1024,76,34,3031.12,2024-10-26,Sur
1025,131,32,3014.73,2024-09-19,Monterrey
1026,83,2,592.49,2021-07-09,CDMX
1027,365,50,1994.36,2024-04-15,Norte
1028,266,25,4381.27,2021-12-06,Monterrey
1029,219,33,3462.27,2023-10-23,Centro
1030,338,49,2934.54,2023-04-23,Monterrey
1031,449,94,4348.4,2021-08-12,CDMX
1032,294,100,3989.69,2021-10-20,Este
1033,384,27,4650.78,2023-03-27,CDMX
1034,158,1,4935.26,2023-10-05,Norte
1035,50,9,3870.98,2023-05-06,Centro
1036,214,84,1448.82,2023-06-02,Sur
1037,91,48,940.14,2021-10-03,Sur
1038,250,24,2518.04,2021-08-14,Oeste
1039,291,28,936.33,2021-05-01,CDMX
1040,94,98,967.51,2023-04-18,Oeste
1041,321,80,554.89,2024-07-27,Sur
1042,41,38,437.68,2021-09-13,Este
1043,33,44,158.04,2022-04-26,Oeste
1044,249,87,3805.06,2021-01-20,Norte
1045,137,97,4776.52,2024-09-24,Centro
1046,405,6,493.24,2023-12-06,Monterrey
1047,4,49,3018.89,2022-06-29,Oeste
1048,243,97,1691.78,2023-05-30,Este
1049,190,88,4451.86,2022-10-08,Monterrey
1050,123,47,3328.74,2023-02-15,Centro
1051,30,46,4366.66,2021-07-25,Norte
1052,234,90,2015.02,2021-10-12,Norte
1053,309,16,4346.34,2022-07-27,CDMX
1054,385,32,1848.47,2024-06-20,CDMX
1055,338,61,2579.42,2024-09-14,Sur
1056,2,82,4788.16,2022-10-22,Norte
1057,325,47,4368.44,2022-10-29,CDMX
1058,228,30,3037.75,2023-03-31,CDMX
1059,314,11,1748.19,2023-09-03,CDMX
1060,439,90,4526.96,2023-02-28,Este
1061,311,25,3562.59,2023-12-02,Centro
1062,402,92,2528.14,2021-09-19,Oeste
1063,408,12,1513.73,2024-10-10,Centro
1064,448,60,848.58,2023-07-03,Norte
1065,247,85,2707.93,2022-05-14,Sur
1066,88,97,4721.61,2024-12-04,Norte
1067,55,56,4966.87,2021-03-01,Sur
1068,476,42,4514.22,2022-07-29,Sur
1069,369,33,3333.0,2024-10-05,Norte
1070,341,18,4614.45,2024-07-21,CDMX
1071,252,12,3979.75,2022-11-13,Monterrey
1072,115,74,3834.02,2024-05-15,Norte
1073,330,44,1891.28,2023-02-21,CDMX
1074,329,72,4831.58,2023-06-14,Monterrey
1075,120,29,1302.88,2022-08-19,Norte
1076,58,12,1707.79,2024-04-27,Sur
1077,382,15,2868.47,2021-09-18,Monterrey
1078,161,49,2888.82,2021-01-04,Este
1079,32,76,2682.66,2023-03-06,Oeste
1080,164,99,1831.47,2024-10-23,Monterrey
1081,65,67,3322.08,2024-04-24,Sur
1082,55,51,55.85,2023-08-02,Este
1083,75,38,4187.71,2023-10-21,CDMX
1084,234,19,3011.31,2021-10-26,CDMX
1085,341,90,181.38,2022-10-18,Este
1086,258,89,626.09,2024-12-17,Centro
1087,245,81,4145.15,2023-10-11,Este
1088,361,49,303.47,2022-11-14,Sur
1089,424,92,1060.96,2022-04-06,CDMX
1090,377,7,4616.56,2022-01-02,Monterrey
1091,250,94,1965.12,2024-09-12,Monterrey
1092,82,3,2744.24,2022-11-23,Oeste
1093,348,61,4951.67,2023-03-13,Oeste
1094,37,68,3636.51,2022-08-02,CDMX
1095,473,25,3508.53,2024-01-28,Oeste
1096,50,17,1623.86,2024-04-03,Monterrey
1097,413,7,4250.55,2024-12-24,Este
1098,235,84,826.84,2021-10-09,Oeste
1099,357,62,1462.5,2021-10-24,Sur
1100,112,96,986.32,2024-08-26,Norte
1101,186,93,4282.15,2021-07-28,CDMX
1102,403,19,1889.01,2023-05-25,CDMX
1103,431,22,4630.67,2021-07-16,Este
1104,499,61,906.37,2021-04-18,Norte
1105,264,84,1699.04,2023-06-08,Sur
1106,322,93,2025.93,2021-03-11,Norte
1107,124,51,2448.24,2024-11-09,Centro
1108,489,23,3267.46,2023-02-08,Monterrey
1109,355,86,3296.01,2023-08-08,Monterrey
1110,419,84,1916.68,2024-07-19,CDMX
1111,228,48,67.9,2021-08-27,Norte
1112,63,63,3210.63,2023-11-10,Sur
1113,12,76,2869.18,2024-03-18,Oeste
1114,141,89,3729.34,2024-04-29,Sur
1115,197,62,4999.77,2024-12-10,Oeste
1116,153,74,634.93,2022-10-29,Norte
1117,366,69,932.6,2024-12-06,Norte
1118,202,72,4089.14,2023-12-22,Oeste
1119,33,67,4187.35,2024-01-09,CDMX
1120,420,84,629.21,2022-03-01,CDMX
1121,460,16,911.51,2024-05-11,CDMX
1122,93,1,2778.06,2022-10-06,Norte
1123,21,17,2879.65,2024-08-29,Sur
1124,45,72,1291.23,2021-03-13,Norte
1125,64,65,1499.9,2024-01-20,Sur
1126,217,85,10.43,2022-09-08,Norte
1127,485,67,4524.05,2022-08-24,CDMX
1128,274,57,707.88,2023-10-02,CDMX
1129,161,67,4554.81,2022-12-23,Centro
1130,276,66,1057.1,2021-07-22,CDMX
1131,420,6,1193.13,2022-01-21,Sur
1132,154,28,4787.54,2024-05-18,Centro
1133,111,76,1801.74,2021-09-21,CDMX
1134,319,55,381.05,2022-06-07,Este
1135,196,84,4519.26,2023-03-31,Oeste
1136,43,33,3385.86,2024-11-23,Sur
1137,275,27,362.08,2022-07-06,CDMX
1138,357,83,971.21,2023-02-02,Centro
1139,337,83,4104.34,2024-05-23,Sur
1140,215,20,1588.64,2023-06-08,Oeste
1141,14,78,1245.01,2022-07-08,Norte
1142,273,15,3423.06,2023-04-14,Norte
1143,169,82,453.98,2022-11-15,Monterrey
1144,140,19,4345.59,2022-04-08,Este
1145,6,13,1892.01,2022-04-01,Oeste
1146,488,14,3915.84,2021-09-10,Sur
1147,270,94,4378.8,2024-04-20,Monterrey
1148,414,63,486.75,2022-12-16,CDMX
1149,293,37,2762.2,2024-05-29,Norte
1150,460,7,862.03,2023-03-09,Sur
1151,177,95,3392.28,2023-12-25,Centro
1152,305,52,2389.54,2021-09-19,Este
1153,5,88,2572.69,2021-11-15,CDMX
1154,65,19,1900.22,2022-07-02,Norte
1155,471,93,3199.58,2023-01-29,CDMX
1156,399,32,3394.29,2023-05-07,CDMX
1157,235,24,2200.41,2022-12-26,Monterrey
1158,240,65,1441.23,2023-05-27,Centro
1159,483,92,4408.12,2022-04-14,Este
1160,326,12,4737.8,2023-04-13,Monterrey
1161,161,12,3177.04,2021-06-07,CDMX
1162,123,12,833.91,2021-04-28,Norte
1163,381,37,2775.26,2023-10-07,Monterrey
1164,448,2,4811.21,2023-05-19,CDMX
1165,261,94,690.78,2023-10-17,Centro
1166,351,87,4441.52,2024-11-30,Norte
1167,208,2,3085.27,2021-01-15,CDMX
1168,218,90,2676.28,2022-12-08,Sur
1169,379,85,4754.83,2023-12-18,CDMX
1170,312,6,3040.79,2021-12-12,CDMX
1171,477,98,2622.35,2022-04-06,Sur
1172,39,47,4198.65,2023-11-19,Este
1173,488,7,2119.38,2023-02-16,Sur
1174,192,15,1696.41,2024-10-22,Sur
1175,426,70,4255.38,2021-08-30,Este
1176,154,62,1474.79,2022-03-13,Norte
1177,378,81,2848.52,2022-03-22,Este
1178,476,83,2582.49,2021-03-14,Oeste
1179,457,80,4243.28,2021-04-28,Este
1180,4,79,2307.17,2022-09-04,Este
1181,55,1,1755.11,2022-01-17,Oeste
1182,182,2,515.68,2023-10-05,Sur
1183,44,68,2576.45,2021-11-11,Oeste
1184,64,63,44.48,2024-09-06,Este
1185,116,61,1982.84,2022-09-05,Este
1186,220,24,2686.77,2022-07-06,Norte
1187,225,85,4198.39,2021-11-28,Sur
1188,182,96,2175.46,2023-01-06,Monterrey
1189,364,26,562.22,2022-08-07,Norte
1190,69,51,2111.07,2022-11-10,Norte
1191,83,86,1002.97,2023-09-09,CDMX
1192,137,16,2111.27,2024-02-01,Oeste
1193,410,88,3574.46,2022-10-28,Monterrey
1194,392,100,4410.01,2023-10-25,CDMX
1195,473,95,4216.88,2023-03-08,Sur
1196,57,14,3965.64,2021-09-16,Sur
1197,177,65,78.11,2024-11-02,Sur
1198,27,87,4150.88,2023-05-30,Centro
1199,378,2,2177.3,2022-08-16,Este
1200,249,11,3806.89,2022-05-23,Centro
1201,79,94,2561.09,2022-05-26,Este
1202,393,15,4322.19,2024-12-06,Sur
1203,342,55,1000.08,2024-12-17,Monterrey
1204,415,14,3508.71,2023-10-26,Centro
1205,93,25,4962.83,2024-04-25,CDMX
1206,325,20,1154.63,2021-09-28,Oeste
1207,20,36,4952.09,2021-10-27,Oeste
1208,10,79,1006.22,2021-04-15,Oeste
1209,209,68,1539.17,2024-07-21,Sur
1210,114,44,2136.12,2021-05-06,Centro
1211,219,83,267.76,2021-08-14,Este
1212,187,36,4715.56,2024-12-28,Oeste
1213,127,41,4476.58,2022-01-08,Norte
1214,1,7,3305.55,2022-10-21,Sur
1215,147,61,1408.0,2024-05-27,Norte
1216,221,24,1268.79,2023-10-04,Este
1217,172,39,566.53,2024-10-02,Norte
1218,350,71,3854.61,2021-09-24,Este
1219,185,95,4052.08,2024-04-21,Centro
1220,310,48,1198.88,2022-07-20,Sur
1221,300,50,445.28,2021-08-06,Sur
1222,323,96,3013.16,2021-03-26,Centro
1223,496,84,4088.87,2022-01-31,CDMX
1224,229,13,383.65,2024-01-25,Centro
1225,176,39,3629.5,2022-02-18,Centro
1226,370,20,228.62,2022-01-28,Oeste
1227,282,92,1270.1,2024-02-22,Este
1228,459,47,2247.93,2021-08-29,Oeste
1229,35,62,2100.83,2023-10-29,Monterrey
1230,12,22,2999.78,2024-11-27,Sur
1231,149,6,4779.46,2021-05-05,Monterrey
1232,498,89,959.05,2023-03-26,Oeste
1233,351,69,4352.58,2021-06-03,Sur
1234,225,97,2551.3,2024-02-26,Monterrey
1235,200,52,3040.02,2022-02-28,Sur
1236,2,21,2863.77,2024-04-27,CDMX
1237,5,66,2282.65,2024-12-20,CDMX
1238,269,34,1524.02,2022-03-28,Este
1239,363,35,2765.23,2021-12-17,Sur
1240,24,69,1198.7,2021-03-22,CDMX
1241,76,36,4636.97,2022-07-08,Monterrey
1242,405,7,3215.64,2022-05-25,Monterrey
1243,108,69,589.76,2024-08-21,Este
1244,324,78,4861.37,2022-10-27,Norte
1245,485,91,4421.09,2022-06-25,CDMX
1246,69,53,4492.7,2022-08-27,Este
1247,30,81,4081.45,2022-12-30,Sur
1248,375,36,891.91,2021-02-02,Centro
1249,337,100,4695.69,2024-04-09,Norte
1250,370,96,3443.7,2024-09-01,Este
1251,446,81,3175.18,2024-02-03,Sur
1252,419,57,1110.99,2022-07-05,Sur
1253,298,81,4040.59,2023-03-21,Sur
1254,229,30,3651.76,2023-06-08,Este
1255,76,62,477.52,2022-01-07,Oeste
1256,95,23,952.41,2023-10-02,CDMX
1257,93,83,1417.4,2022-09-28,Sur
1258,454,23,4089.32,2024-11-08,Centro
1259,97,9,726.18,2023-05-24,Sur
1260,233,83,4852.22,2021-07-25,CDMX
1261,270,18,3636.56,2021-01-25,Centro
1262,52,49,1926.11,2021-08-14,Monterrey
1263,7,98,4154.28,2021-03-31,Sur
1264,128,99,427.14,2021-10-20,CDMX
1265,308,2,3964.08,2021-01-20,Monterrey
1266,55,70,3683.3,2022-11-25,Monterrey
1267,363,11,1019.58,2023-09-11,Monterrey
1268,289,57,4079.17,2022-09-22,Este
1269,246,20,1226.61,2024-01-19,CDMX
1270,137,81,2722.63,2021-02-13,Monterrey
1271,23,14,2727.76,2021-07-30,Centro
1272,454,54,717.76,2022-04-05,Norte
1273,117,55,1933.06,2022-12-25,CDMX
1274,147,29,4609.24,2024-11-02,Oeste
1275,352,92,4115.7,2021-08-19,Oeste
1276,87,15,1130.37,2022-08-01,Este
1277,40,79,1675.29,2023-01-09,Norte
1278,459,6,3026.49,2021-12-31,Oeste
1279,272,43,3002.06,2024-10-23,Oeste
1280,77,86,3438.93,2024-07-03,Monterrey
1281,147,45,4378.26,2022-07-10,Oeste
1282,339,48,4665.08,2024-12-27,Monterrey
1283,40,1,4309.95,2021-11-01,Monterrey
1284,336,19,1608.08,2023-03-11,Oeste
1285,370,62,4075.1,2021-08-20,Centro
1286,219,94,1399.6,2021-07-05,Este
1287,66,24,3840.0,2022-12-24,Este
1288,254,55,2411.63,2023-04-28,Centro
1289,407,82,1673.99,2024-09-01,Sur
1290,197,54,2751.2,2024-01-09,Centro
1291,253,69,2685.7,2022-04-17,Oeste
1292,43,75,3577.46,2023-12-16,Centro
1293,398,89,4058.35,2022-03-26,CDMX
1294,45,31,1814.93,2022-02-21,Monterrey
1295,9,47,2796.29,2021-10-01,Norte
1296,31,45,1810.68,2021-10-13,Este
1297,236,19,4177.91,2024-02-04,Oeste
1298,125,27,4140.83,2021-04-25,CDMX
1299,71,16,4810.64,2024-12-12,Sur
1300,194,94,141.47,2023-05-20,Este
1301,28,90,538.99,2024-04-06,Norte
1302,245,77,4353.68,2021-03-03,Sur
1303,188,19,404.18,2021-06-07,Norte
1304,292,54,757.09,2022-01-09,Oeste
1305,381,18,3743.05,2024-12-01,Este
1306,241,53,3615.56,2023-06-29,Monterrey
1307,331,89,75.92,2021-08-16,Sur
1308,31,83,170.27,2021-12-22,Centro
1309,83,2,1987.99,2023-05-18,CDMX
1310,486,59,2775.24,2022-06-13,Centro
1311,257,40,3549.67,2023-05-18,Sur
1312,140,12,2612.29,2021-09-14,CDMX
1313,109,52,3099.03,2022-03-25,Oeste
1314,95,96,4880.18,2024-05-24,Monterrey
1315,40,89,2347.5,2022-10-04,CDMX
1316,329,52,4138.0,2021-12-04,Norte
1317,412,48,3236.77,2022-02-03,Este
1318,56,14,398.26,2024-05-20,Monterrey
1319,434,43,149.96,2022-08-01,Sur
1320,278,14,335.94,2024-05-07,Norte
1321,388,40,946.84,2022-02-18,CDMX
1322,476,5,1209.27,2021-06-24,Centro
1323,290,6,2823.06,2023-09-18,Norte
1324,25,41,475.12,2022-09-25,Norte
1325,183,97,1419.19,2023-03-27,Centro
1326,100,41,3761.69,2022-12-30,Sur
1327,360,87,495.93,2023-04-15,CDMX
1328,258,13,2515.86,2021-11-04,Norte
1329,301,49,2390.0,2021-03-18,Este
1330,83,20,3415.05,2021-06-11,CDMX
1331,48,92,1165.53,2022-03-18,Monterrey
1332,349,84,712.9,2021-11-26,Centro
1333,265,94,3047.61,2023-12-08,Monterrey
1334,175,58,3928.91,2022-11-26,Este
1335,185,80,4281.2,2023-06-02,Norte
1336,457,92,3873.13,2023-03-05,Sur
1337,107,79,3038.32,2021-11-09,Centro
1338,322,64,496.06,2021-01-31,Sur
1339,393,40,2740.21,2021-06-28,Oeste
1340,49,59,1575.46,2022-08-29,Sur
1341,35,36,2886.79,2022-12-25,Norte
1342,37,23,3556.17,2023-08-02,Este
1343,243,33,3818.1,2023-06-25,CDMX
1344,474,18,4699.75,2024-03-10,Oeste
1345,21,47,4296.43,2023-04-02,Oeste
1346,439,80,4586.53,2021-09-22,Oeste
1347,188,66,4225.73,2022-10-05,Este
1348,43,88,2071.84,2023-07-11,Este
1349,450,88,222.95,2024-08-11,Norte
1350,380,32,3501.73,2024-02-23,Norte
1351,80,14,1460.4,2021-11-21,Centro
1352,205,10,1123.03,2023-08-05,CDMX
1353,48,45,2334.73,2024-08-08,Centro
1354,461,60,554.5,2022-01-05,CDMX
1355,56,51,3843.4,2022-02-13,Oeste
1356,169,9,1593.25,2024-05-22,Oeste
1357,109,90,3709.01,2021-08-23,Este
1358,233,5,2729.96,2023-08-21,Sur
1359,328,28,1607.73,2021-03-06,Centro
1360,397,49,321.38,2023-01-11,Monterrey
1361,221,61,1074.97,2022-03-10,Monterrey
1362,12,98,3421.52,2022-07-07,Este
1363,326,23,427.12,2021-05-22,Este
1364,208,11,1498.7,2024-12-29,Oeste
1365,447,54,2628.64,2024-10-03,Este
1366,95,7,471.28,2023-05-28,Este
1367,494,97,1491.56,2022-02-11,Este
1368,483,54,2413.31,2024-01-02,CDMX
1369,402,21,4828.29,2023-06-14,Este
1370,468,89,2855.88,2021-01-21,Centro
1371,401,77,1000.81,2024-09-29,Centro
1372,316,19,1625.43,2022-10-11,Norte
1373,78,59,4669.76,2023-10-20,Monterrey
1374,163,15,3962.16,2024-10-12,Oeste
1375,135,67,3614.21,2023-07-12,Monterrey
1376,439,17,3175.12,2024-08-01,Centro
1377,50,5,1100.93,2022-01-20,Oeste
1378,357,70,3874.18,2024-05-15,Oeste
1379,111,45,1056.72,2022-01-27,CDMX
1380,296,2,1857.58,2023-01-16,Norte
1381,155,40,2515.41,2021-09-13,CDMX
1382,256,84,4995.25,2023-04-28,Oeste
1383,181,46,4142.65,2023-05-23,Centro
1384,499,98,1685.77,2021-12-27,Oeste
1385,220,48,892.71,2024-05-03,Sur
1386,278,56,1914.0,2024-09-12,CDMX
1387,349,56,3174.2,2024-12-08,Centro
1388,481,13,4976.86,2021-08-01,Norte
1389,333,3,3085.14,2023-04-23,Norte
1390,255,96,3761.12,2024-01-21,Norte
1391,325,57,2521.77,2021-03-08,CDMX
1392,149,54,1067.24,2023-07-21,Centro
1393,196,15,985.85,2023-08-20,Norte
1394,180,60,2070.54,2024-08-13,CDMX
1395,402,95,1985.08,2023-02-07,Monterrey
1396,115,65,1425.19,2024-09-10,Este
1397,158,54,3369.77,2021-01-09,Oeste
1398,17,2,140.97,2023-02-06,Monterrey
1399,419,67,4101.97,2024-05-13,Este
1400,172,22,4796.21,2023-05-31,Sur
1401,285,51,971.38,2024-08-12,Oeste
1402,425,7,4008.64,2024-03-29,Oeste
1403,66,82,1958.15,2021-12-22,Oeste
1404,463,41,2591.21,2023-06-15,Sur
1405,51,91,4007.85,2023-10-30,Norte
1406,324,74,3923.56,2024-07-08,Este
1407,429,71,803.68,2022-10-23,Sur
1408,48,12,137.94,2021-01-24,CDMX
1409,395,76,773.71,2024-06-19,CDMX
1410,279,11,2863.25,2021-02-21,CDMX
1411,376,17,4917.24,2024-07-23,CDMX
1412,399,46,940.91,2024-08-29,Sur
1413,153,25,2681.73,2022-05-18,CDMX
1414,400,49,3854.25,2024-09-12,Norte
1415,141,11,4675.53,2024-07-08,Norte
1416,327,75,4336.03,2021-08-16,Oeste
1417,475,77,622.19,2021-10-18,Este
1418,135,24,472.96,2023-10-10,Monterrey
1419,186,27,1960.09,2023-10-03,Monterrey
1420,12,53,377.14,2024-07-05,Norte
1421,108,88,2105.34,2022-10-05,CDMX
1422,466,58,4044.66,2022-01-04,Este
1423,6,23,3301.74,2024-07-16,Centro
1424,438,5,594.86,2022-12-04,Este
1425,248,79,3003.96,2021-01-11,Sur
1426,268,95,1279.96,2021-09-07,Sur
1427,311,4,2684.41,2023-11-27,Centro
1428,390,20,1089.37,2023-01-18,Norte
1429,461,28,157.19,2021-10-11,Sur
1430,43,94,3461.09,2021-09-17,Este
1431,141,62,1004.2,2021-07-08,Este
1432,363,71,3263.1,2023-08-15,CDMX
1433,415,64,2185.95,2023-03-31,Sur
1434,129,23,997.4,2022-07-30,Oeste
1435,53,75,3967.83,2024-04-18,Este
1436,85,27,4769.27,2023-09-27,Oeste
1437,453,58,2124.45,2022-07-11,Monterrey
1438,164,80,546.72,2023-02-24,Oeste
1439,103,73,1771.05,2024-07-19,Monterrey
1440,33,58,844.57,2021-03-11,Centro
1441,130,76,2054.94,2024-05-21,Monterrey
1442,450,83,4752.39,2023-12-23,Este
1443,204,4,582.1,2022-10-23,Oeste
1444,405,24,1795.15,2021-05-29,Sur
1445,337,48,1866.1,2022-10-06,Norte
1446,5,41,3444.58,2022-11-05,Sur
1447,239,73,3978.24,2022-04-22,Centro
1448,34,50,1425.24,2022-03-11,Centro
1449,112,14,2809.18,2024-05-29,Monterrey
1450,441,86,383.37,2024-08-16,Oeste
1451,350,97,2181.68,2022-10-18,Sur
1452,101,7,4015.6,2023-10-19,Norte
1453,141,54,605.1,2023-07-17,Sur
1454,308,42,2959.94,2022-04-30,Centro
1455,11,37,99.0,2024-03-25,Norte
1456,467,60,1428.99,2023-04-05,Norte
1457,459,69,4590.99,2021-03-22,Este
1458,331,3,356.58,2021-07-14,Monterrey
1459,411,54,3619.04,2022-07-17,Este
1460,386,45,2007.72,2024-02-14,Monterrey
1461,161,64,3065.48,2023-03-17,Este
1462,357,59,2471.75,2024-08-05,Norte
1463,432,48,4689.14,2021-07-30,Norte
1464,115,7,4129.03,2021-10-12,Norte
1465,166,89,3624.02,2022-04-09,Sur
1466,46,25,3623.3,2023-01-26,Monterrey
1467,463,69,4947.93,2024-11-10,Monterrey
1468,27,34,4417.76,2021-03-30,Norte
1469,25,39,384.46,2022-11-06,CDMX
1470,314,49,1356.86,2021-12-15,Sur
1471,299,59,608.31,2022-10-16,Monterrey
1472,76,97,2924.81,2023-04-27,CDMX
1473,229,86,620.64,2023-12-17,Sur
1474,296,62,3309.73,2022-07-29,Este
1475,396,94,2418.7,2021-07-08,Este
1476,393,38,3559.79,2022-12-24,Centro
1477,428,32,3300.81,2022-02-26,CDMX
1478,40,10,4859.11,2021-05-04,Sur
1479,7,86,1088.52,2023-02-28,Sur
1480,250,14,1708.85,2024-04-24,Monterrey
1481,271,66,4293.71,2022-10-01,CDMX
1482,233,84,778.45,2023-10-31,Norte
1483,469,17,1101.74,2023-01-15,Oeste
1484,500,58,4340.62,2023-11-18,Sur
1485,400,52,947.89,2022-07-24,Oeste
1486,85,88,1542.66,2024-03-28,CDMX
1487,53,19,2310.16,2021-08-08,CDMX
1488,57,31,92.77,2023-08-02,Sur
1489,137,4,2386.44,2023-12-24,Oeste
1490,181,34,600.45,2024-02-02,Norte
1491,182,56,1068.21,2023-03-24,Centro
1492,221,66,1675.36,2023-06-23,Este
1493,190,13,255.18,2023-02-23,CDMX
1494,476,55,977.72,2022-01-23,Oeste
1495,91,77,1386.87,2024-05-29,Oeste
1496,266,56,554.83,2021-04-13,CDMX
1497,128,15,1105.7,2021-04-19,Norte
1498,295,35,1201.45,2023-12-26,Norte
1499,142,29,4414.18,2024-12-03,CDMX
1500,208,51,1970.5,2022-03-27,CDMX
1501,422,89,1348.65,2022-02-26,Sur
1502,403,27,1744.69,2022-08-13,CDMX
1503,306,37,3672.07,2021-07-13,Sur
1504,258,90,3114.37,2022-09-18,Monterrey
1505,465,89,1200.71,2022-10-08,CDMX
1506,36,22,944.85,2023-07-22,Sur
1507,493,2,3333.5,2023-05-27,Este
1508,11,23,4872.11,2021-06-07,Sur
1509,348,98,4266.92,2024-05-01,Este
1510,497,61,2919.96,2023-09-28,Monterrey
1511,127,61,555.84,2021-02-05,Centro
1512,349,38,4178.44,2023-12-12,Centro
1513,86,97,741.45,2021-07-12,Norte
1514,156,95,1685.03,2023-10-02,CDMX
1515,180,70,1294.12,2023-09-24,Este
1516,187,59,77.67,2022-12-24,Este
1517,364,43,4457.95,2024-09-21,Monterrey
1518,443,77,2426.93,2022-07-07,CDMX
1519,266,94,3202.6,2021-10-30,Oeste
1520,439,29,3300.24,2021-10-18,Este
1521,255,4,1229.4,2024-11-26,Oeste
1522,185,27,3724.38,2022-02-01,Oeste
1523,328,14,4827.61,2024-07-07,CDMX
1524,279,58,4936.79,2023-12-16,Sur
1525,136,87,1750.74,2022-11-10,Oeste
1526,302,54,4726.88,2022-07-20,Este
1527,98,6,2901.79,2024-12-08,Este
1528,428,79,623.58,2023-07-21,Centro
1529,496,45,1449.16,2021-01-18,Oeste
1530,475,88,744.18,2024-10-26,Sur
1531,268,38,3122.74,2024-09-22,Sur
1532,156,63,1448.42,2022-08-27,Norte
1533,233,6,1094.45,2024-04-29,Norte
1534,28,63,1536.05,2023-06-01,Este
1535,339,1,259.01,2021-10-10,Este
1536,450,37,3928.46,2023-10-26,CDMX
1537,491,99,2808.14,2021-06-26,CDMX
1538,139,19,4979.61,2022-02-07,Oeste
1539,300,11,1461.1,2021-03-07,Oeste
1540,478,46,1251.16,2024-10-21,CDMX
1541,198,55,2001.58,2021-07-20,Este
1542,472,39,2989.22,2021-12-21,Centro
1543,224,87,4380.9,2024-03-30,Sur
1544,350,99,1005.54,2021-10-05,Oeste
1545,284,26,1512.3,2021-06-25,Este
1546,291,81,2311.16,2022-01-11,Oeste
1547,401,56,489.25,2023-12-15,Oeste
1548,356,41,2524.04,2024-11-04,CDMX
1549,184,60,1777.43,2023-08-14,Oeste
1550,493,53,2311.81,2024-02-19,Norte
1551,491,99,2110.38,2021-10-15,Centro
1552,465,39,3935.29,2024-04-03,Centro
1553,192,17,3108.24,2024-03-04,Este
1554,28,97,4227.09,2021-09-15,Oeste
1555,344,1,2319.41,2023-11-27,Oeste
1556,430,7,432.45,2022-07-08,Monterrey
1557,333,14,1674.08,2021-07-19,Monterrey
1558,149,73,2412.52,2022-11-10,Monterrey
1559,32,16,3704.96,2024-10-13,Centro
1560,379,92,274.57,2022-02-24,Centro
1561,74,72,3704.72,2023-10-12,Sur
1562,115,87,3201.94,2021-11-13,Este
1563,322,40,3598.52,2021-01-14,Monterrey
1564,249,80,3442.0,2021-08-23,Norte
1565,1,20,3022.92,2021-09-05,Centro
1566,50,32,1029.43,2023-08-29,Norte
1567,427,65,2224.64,2021-04-24,Norte
1568,154,52,2423.76,2022-01-12,Monterrey
1569,121,70,1308.75,2024-06-08,CDMX
1570,225,85,3089.62,2023-06-05,Sur
1571,326,3,932.19,2024-09-08,Sur
1572,88,66,3710.91,2024-01-25,Sur
1573,244,62,1457.28,2024-09-29,Norte
1574,492,76,2469.89,2024-09-29,Este
1575,201,50,3491.29,2021-08-08,Oeste
1576,214,55,749.35,2022-08-04,Oeste
1577,62,73,1953.25,2024-04-03,Este
1578,18,83,3255.61,2024-09-07,Centro
1579,228,6,4541.46,2022-12-28,Sur
1580,240,93,2297.17,2021-01-19,Sur
1581,184,65,4280.64,2023-10-28,Sur
1582,179,91,2630.03,2023-11-17,Norte
1583,90,84,765.5,2024-09-05,CDMX
1584,289,44,2302.81,2021-10-14,Este
1585,402,98,3295.64,2023-03-18,Norte
1586,470,83,2423.89,2023-08-25,Centro
1587,338,24,2884.43,2023-11-05,Monterrey
1588,338,68,1303.54,2024-11-30,Este
1589,302,75,1747.0,2024-06-18,Monterrey
1590,207,9,234.2,2021-11-22,Sur
1591,50,86,540.04,2024-10-23,Oeste
1592,166,98,1165.36,2022-04-30,Norte
1593,461,23,3643.53,2023-02-26,Monterrey
1594,499,54,4612.66,2021-05-07,Centro
1595,129,15,196.72,2021-05-30,Oeste
1596,391,48,3036.6,2021-03-02,Sur
1597,165,14,3496.64,2023-02-13,Sur
1598,327,74,2786.78,2022-02-05,Este
1599,252,57,3397.46,2022-04-07,Sur
1600,380,21,2175.97,2023-12-19,Monterrey
1601,405,25,439.23,2021-02-19,CDMX
1602,492,86,490.07,2021-03-10,Monterrey
1603,72,1,1804.21,2023-04-16,Centro
1604,280,10,1710.15,2024-10-29,CDMX
1605,491,94,3214.74,2023-10-14,Sur
1606,427,27,2856.15,2023-08-29,Centro
1607,181,46,3096.21,2024-02-19,Monterrey
1608,71,9,2200.0,2024-07-04,Oeste
1609,448,10,2850.07,2021-09-18,Monterrey
1610,265,39,513.56,2023-10-19,Sur
1611,27,77,2707.28,2021-02-16,Sur
1612,421,38,4612.14,2022-05-30,Oeste
1613,361,46,349.08,2021-11-20,Este
1614,39,69,2881.03,2023-11-27,Centro
1615,257,40,2002.11,2021-04-27,Centro
1616,358,15,2918.03,2022-06-23,CDMX
1617,16,5,1696.85,2022-06-19,Sur
1618,172,98,306.37,2022-02-23,Centro
1619,419,94,1654.75,2024-09-20,Norte
1620,121,64,373.83,2024-02-29,Centro
1621,360,98,4039.36,2022-12-10,Norte
1622,487,54,2994.76,2024-06-08,Norte
1623,455,71,2399.07,2021-09-23,Este
1624,371,6,529.27,2023-10-15,Centro
1625,116,84,1757.79,2023-09-06,Este
1626,401,30,117.0,2021-04-24,Norte
1627,397,26,2675.59,2023-02-16,CDMX
1628,351,95,100.29,2023-09-15,Norte
1629,199,99,1892.37,2021-09-14,Oeste
1630,360,55,2752.23,2021-08-25,Oeste
1631,61,79,4912.85,2023-01-24,Este
1632,100,44,2188.26,2021-04-29,Sur
1633,119,12,2947.2,2022-04-11,Oeste
1634,383,97,4442.79,2024-01-04,Centro
1635,24,2,4367.55,2022-05-27,Monterrey
1636,30,10,292.71,2023-06-18,Sur
1637,145,6,1577.49,2024-05-18,CDMX
1638,456,32,4990.46,2021-09-23,Centro
1639,204,62,3291.34,2024-09-06,Norte
1640,40,33,4692.47,2022-02-26,Oeste
1641,362,95,4068.99,2022-03-28,Oeste
1642,366,39,4707.72,2024-02-04,Este
1643,445,84,1228.59,2022-07-02,Este
1644,358,70,2522.19,2021-04-21,Este
1645,462,53,3530.45,2024-06-27,Oeste
1646,144,11,1025.74,2021-10-08,Monterrey
1647,500,67,1160.37,2024-02-07,Sur
1648,63,48,3627.3,2021-10-18,Norte
1649,121,90,2206.98,2023-07-19,Norte
1650,11,64,4183.26,2022-07-08,Este
1651,302,50,1509.06,2021-06-23,Norte
1652,143,79,1925.84,2021-02-08,Monterrey
1653,196,50,2225.66,2022-04-05,Sur
1654,195,24,3303.03,2023-12-27,Norte
1655,339,40,166.22,2022-12-14,Norte
1656,466,78,3774.85,2022-11-20,Monterrey
1657,465,34,4053.12,2024-04-25,Sur
1658,388,4,1711.31,2024-06-26,Oeste
1659,444,55,3915.24,2021-04-27,Monterrey
1660,56,71,1946.67,2024-10-20,Este
1661,440,69,2322.88,2024-03-18,CDMX
1662,291,99,2599.38,2021-11-29,Oeste
1663,240,96,4963.14,2022-05-03,Sur
1664,465,2,1410.69,2024-10-29,Este
1665,44,32,3858.98,2022-08-29,Este
1666,293,51,202.64,2022-07-16,Este
1667,138,85,1260.06,2024-08-30,Monterrey
1668,396,78,71.57,2022-09-21,Centro
1669,339,42,4181.64,2022-01-02,Oeste
1670,237,3,2205.15,2023-08-14,Norte
1671,495,46,2406.24,2024-02-14,Sur
1672,210,8,2902.06,2021-06-12,Este
1673,460,79,2761.72,2021-05-12,Oeste
1674,93,34,3832.22,2022-07-20,Este
1675,445,64,644.84,2024-07-14,Sur
1676,76,80,3283.33,2022-04-22,Norte
1677,336,5,929.43,2023-11-04,Monterrey
1678,226,75,1593.5,2024-02-08,CDMX
1679,117,8,4759.0,2022-06-15,Este
1680,9,87,4226.21,2022-12-25,Centro
1681,368,6,3006.89,2022-12-18,Norte
1682,40,65,2224.63,2023-11-13,Norte
1683,122,27,1635.69,2023-01-31,Monterrey
1684,422,88,2085.69,2024-08-07,Oeste
1685,449,37,723.97,2022-10-31,Centro
1686,404,47,1681.58,2023-04-16,CDMX
1687,192,61,4712.97,2022-08-26,Centro
1688,16,21,1847.83,2022-08-19,Sur
1689,467,76,137.42,2024-06-01,Sur
1690,414,41,2558.87,2023-11-07,Monterrey
1691,298,92,1726.82,2022-03-17,Oeste
1692,426,75,172.67,2021-11-04,Oeste
1693,391,84,401.44,2021-06-08,Sur
1694,290,65,4989.09,2024-07-14,Centro
1695,376,54,2699.45,2021-09-06,Monterrey
1696,450,68,3993.05,2024-05-28,Oeste
1697,338,68,2606.48,2022-10-12,Este
1698,100,74,1472.4,2022-05-15,Este
1699,125,99,4887.6,2022-04-18,Oeste
1700,162,96,4862.26,2024-11-20,Sur
1701,228,94,4788.47,2023-04-20,Este
1702,41,46,2806.68,2021-06-06,Este
1703,335,62,3030.04,2023-07-09,Monterrey
1704,215,30,2851.02,2021-09-14,Centro
1705,126,100,4547.24,2024-10-12,Centro
1706,341,18,3031.67,2022-08-11,Este
1707,161,16,416.71,2023-05-13,Centro
1708,76,74,2476.06,2022-02-10,Sur
1709,449,59,87.41,2021-09-05,Oeste
1710,135,98,2777.35,2023-08-21,CDMX
1711,52,17,4348.6,2023-06-03,Norte
1712,354,22,4949.77,2021-09-29,Centro
1713,444,68,4593.93,2023-05-15,Este
1714,66,52,3487.67,2022-05-10,CDMX
1715,151,16,1690.67,2022-11-21,Centro
1716,312,79,547.78,2021-04-03,Norte
1717,379,46,4750.1,2023-04-18,CDMX
1718,231,95,4175.68,2022-08-16,Monterrey
1719,245,90,681.68,2022-01-11,CDMX
1720,393,76,4582.55,2023-11-10,Norte
1721,78,1,2971.83,2023-01-28,CDMX
1722,333,59,1903.08,2023-06-18,Sur
1723,261,93,2944.52,2021-07-18,Sur
1724,153,64,1712.17,2024-03-01,Centro
1725,460,68,2903.34,2023-05-24,Este
1726,166,50,1599.71,2022-01-01,Sur
1727,22,95,4413.1,2022-03-08,Oeste
1728,266,36,2879.94,2024-06-14,Este
1729,51,45,1431.11,2021-08-31,Este
1730,141,63,2200.19,2021-12-13,Este
1731,481,34,4944.14,2021-08-06,Sur
1732,342,36,713.61,2022-02-28,Centro
1733,430,66,3776.78,2021-02-26,Centro
1734,463,6,4799.68,2024-01-11,Centro
1735,410,25,43.26,2021-02-22,Este
1736,105,37,4709.61,2024-03-15,Oeste
1737,375,57,2609.26,2023-07-19,Este
1738,471,15,3584.09,2021-09-03,Oeste
1739,456,56,2471.35,2021-06-27,Monterrey
1740,71,36,3660.85,2021-08-27,Este
1741,412,11,3723.94,2022-04-01,CDMX
1742,39,42,792.07,2022-11-18,Este
1743,233,81,3680.25,2024-10-08,Monterrey
1744,38,91,3442.81,2021-03-20,Oeste
1745,52,91,3973.05,2022-10-13,Sur
1746,431,72,3309.04,2024-07-06,Norte
1747,486,82,3140.15,2022-05-19,Sur
1748,301,49,4361.85,2022-03-27,CDMX
1749,101,34,2355.88,2023-09-20,Monterrey
1750,96,94,2488.66,2021-09-27,Sur
1751,326,12,4754.66,2022-03-15,Norte
1752,223,9,2458.55,2024-06-05,Sur
1753,364,23,203.68,2024-11-09,Este
1754,315,49,3158.82,2022-04-26,CDMX
1755,179,62,2657.0,2022-01-04,Este
1756,431,30,4376.44,2024-09-30,Oeste
1757,251,81,1967.13,2023-01-02,Centro
1758,247,38,491.7,2021-08-19,Monterrey
1759,392,37,2103.77,2023-07-05,Este
1760,127,85,2130.08,2021-12-27,Oeste
1761,490,41,3306.46,2022-12-13,CDMX
1762,204,91,649.01,2023-09-18,Monterrey
1763,413,63,3009.28,2024-11-08,Sur
1764,15,38,1346.94,2022-03-17,Monterrey
1765,401,53,313.41,2022-10-24,Este
1766,346,41,2062.03,2023-06-25,Oeste
1767,205,34,4562.72,2022-07-04,Oeste
1768,373,29,1705.81,2021-04-04,Este
1769,230,53,1114.34,2021-12-08,Centro
1770,106,100,3130.18,2024-06-10,Centro
1771,169,17,3028.76,2021-02-10,CDMX
1772,11,49,460.36,2024-12-14,Este
1773,468,46,3836.54,2024-02-07,Norte
1774,336,7,2598.06,2023-01-12,Centro
1775,102,21,4192.36,2023-03-22,Monterrey
1776,368,30,1458.04,2021-11-27,Este
1777,170,53,1085.92,2022-05-25,Norte
1778,19,3,3778.06,2023-12-15,Norte
1779,257,51,3958.8,2021-03-28,Sur
1780,145,39,130.98,2024-07-17,Monterrey
1781,353,32,178.55,2021-09-11,Monterrey
1782,402,49,3279.83,2021-09-26,Monterrey
1783,380,35,4311.3,2021-06-06,Norte
1784,259,93,3520.41,2023-05-01,Norte
1785,8,96,4152.96,2024-05-23,Sur
1786,49,95,2945.1,2023-03-13,Sur
1787,426,78,4297.92,2022-10-25,Oeste
1788,263,96,126.93,2022-07-16,Oeste
1789,104,13,1328.71,2024-09-05,Centro
1790,242,49,1463.28,2021-07-10,Sur
1791,496,53,2809.37,2023-09-17,Este
1792,465,90,2670.69,2022-05-16,Oeste
1793,9,64,3640.51,2023-02-03,Monterrey
1794,280,92,550.44,2022-04-04,Centro
1795,500,4,1992.77,2022-04-21,Oeste
1796,190,62,2820.13,2024-08-09,Este
1797,171,19,4050.31,2021-06-21,Norte
1798,288,22,1046.33,2023-10-01,Centro
1799,128,11,715.24,2024-06-16,Monterrey
1800,243,67,3617.93,2024-03-06,Monterrey
1801,120,8,3839.37,2022-06-01,Oeste
1802,160,95,1695.96,2021-11-05,Norte
1803,165,89,2830.91,2023-04-13,Monterrey
1804,3,35,3455.08,2024-02-26,Monterrey
1805,251,70,2504.08,2024-08-28,Sur
1806,165,60,3547.25,2023-11-20,Centro
1807,440,95,4963.85,2021-06-16,Norte
1808,218,90,396.75,2021-09-18,Monterrey
1809,7,21,2604.5,2021-09-06,Sur
1810,102,57,4350.05,2021-08-21,Norte
1811,454,55,2480.97,2024-07-06,Monterrey
1812,269,63,707.93,2024-01-26,Oeste
1813,205,2,1490.79,2023-06-11,Este
1814,369,87,1362.83,2022-10-23,Centro
1815,456,48,2823.41,2021-12-06,Sur
1816,149,67,3428.27,2024-06-11,CDMX
1817,191,67,3026.54,2023-08-25,Oeste
1818,108,43,4636.13,2021-10-05,Sur
1819,269,92,4148.75,2021-01-21,Este
1820,214,23,760.24,2021-05-18,Norte
1821,160,90,946.5,2024-11-22,Norte
1822,276,59,1661.87,2021-05-06,Centro
1823,240,77,790.7,2022-12-19,CDMX
1824,287,29,1731.34,2021-01-29,Sur
1825,141,37,4105.56,2023-05-23,Centro
1826,374,40,1842.7,2023-04-06,Este
1827,288,70,3211.58,2022-02-19,Norte
1828,304,20,523.85,2022-03-20,Este
1829,92,34,2822.66,2021-09-17,Monterrey
1830,268,76,3227.7,2023-02-24,Este
1831,295,99,4268.47,2024-05-23,Este
1832,495,95,4357.97,2024-10-01,Oeste
1833,108,22,23.33,2022-04-20,Sur
1834,47,79,740.99,2021-12-04,Oeste
1835,448,1,1623.46,2021-04-17,Sur
1836,262,57,2132.77,2023-08-25,Este
1837,155,65,3802.44,2022-05-09,Centro
1838,202,49,3871.86,2024-12-17,Oeste
1839,182,40,4194.86,2022-10-12,Centro
1840,41,78,4212.53,2021-12-07,CDMX
1841,427,36,3559.62,2023-06-15,Centro
1842,227,63,3478.55,2022-05-29,CDMX
1843,62,72,4499.81,2024-08-28,Este
1844,92,4,4332.03,2023-08-13,Monterrey
1845,344,45,3645.17,2022-03-14,Centro
1846,287,25,1918.46,2022-01-02,CDMX
1847,6,26,2215.98,2023-12-14,Sur
1848,3,76,1558.85,2021-07-12,Este
1849,469,33,2518.94,2021-01-27,Centro
1850,140,5,3239.62,2024-08-07,Oeste
1851,204,6,4978.73,2024-12-13,Este
1852,141,81,295.56,2024-03-17,Monterrey
1853,16,92,4638.6,2024-05-29,CDMX
1854,233,63,877.12,2024-08-19,Monterrey
1855,280,14,200.59,2021-03-01,Centro
1856,458,92,774.43,2021-12-29,Monterrey
1857,436,17,423.29,2021-09-02,Norte
1858,228,82,3555.85,2022-10-06,Norte
1859,440,70,1394.62,2022-02-02,CDMX
1860,315,95,93.21,2024-10-08,Monterrey
1861,461,41,4489.7,2021-12-13,Centro
1862,370,47,2586.54,2024-09-22,Oeste
1863,214,86,3351.51,2021-05-14,Sur
1864,423,98,2512.61,2022-07-01,Norte
1865,89,57,232.1,2024-05-31,Sur
1866,353,65,2052.17,2024-07-25,CDMX
1867,432,1,1562.71,2024-02-23,Este
1868,61,44,2336.6,2024-11-27,Norte
1869,290,60,449.93,2021-07-05,Sur
1870,374,12,936.44,2024-04-25,CDMX
1871,495,3,3835.95,2021-01-22,Sur
1872,327,48,2307.14,2022-05-21,Este
1873,429,88,3215.16,2022-01-27,CDMX
1874,387,95,672.35,2021-04-20,Oeste
1875,362,37,898.24,2021-10-15,Centro
1876,162,53,1137.54,2022-01-21,Este
1877,453,26,893.79,2022-08-28,Este
1878,358,57,1330.08,2023-10-01,Este
1879,297,47,1750.81,2024-08-07,Centro
1880,231,81,3438.33,2021-12-16,Norte
1881,487,75,1934.55,2024-01-07,Centro
1882,108,90,2174.93,2024-08-16,Monterrey
1883,350,37,1045.16,2024-12-03,Centro
1884,283,96,3973.53,2021-07-05,Centro
1885,396,27,1298.49,2023-08-16,Este
1886,17,15,2589.98,2024-07-16,Sur
1887,244,18,2341.56,2022-10-24,Este
1888,289,49,3294.94,2021-03-11,Este
1889,360,14,3151.07,2021-01-17,Sur
1890,216,61,1680.22,2024-08-19,Norte
1891,96,46,1538.32,2023-08-15,Centro
1892,96,97,118.53,2024-06-16,Oeste
1893,304,74,3475.55,2023-03-29,Oeste
1894,428,32,1270.35,2023-02-04,Centro
1895,173,62,3395.99,2022-09-07,Norte
1896,498,30,3818.23,2023-11-05,Norte
1897,216,55,3872.62,2024-03-28,Oeste
1898,304,4,828.49,2021-12-07,Este
1899,454,77,4826.53,2023-12-10,Sur
1900,488,73,3761.73,2021-09-24,CDMX
1901,171,7,4851.92,2022-09-26,Monterrey
1902,393,19,4009.43,2023-07-29,Oeste
1903,85,59,14.21,2021-10-30,Sur
1904,453,23,1513.4,2021-06-14,Sur
1905,121,27,2188.38,2022-05-17,Sur
1906,351,72,4229.89,2023-02-06,Norte
1907,245,21,1730.11,2023-08-23,Centro
1908,352,51,3496.91,2023-08-26,CDMX
1909,193,60,3534.06,2021-07-16,Oeste
1910,66,41,3817.59,2021-10-01,Oeste
1911,396,42,4491.13,2024-10-13,CDMX
1912,447,55,2988.72,2023-12-30,Norte
1913,178,63,3352.68,2024-04-16,Norte
1914,114,78,899.02,2022-04-27,Este
1915,186,44,2512.27,2021-01-04,Centro
1916,307,97,1996.92,2021-06-08,CDMX
1917,118,18,2504.75,2021-04-01,Sur
1918,155,56,473.32,2023-02-26,CDMX
1919,93,55,762.23,2022-09-30,Oeste
1920,346,62,183.79,2023-05-14,Sur
1921,84,51,3414.88,2021-08-06,Oeste
1922,413,11,1737.97,2021-07-27,CDMX
1923,442,52,4019.72,2021-01-26,Sur
1924,164,17,2877.66,2023-02-26,CDMX
1925,233,2,2435.84,2024-10-04,Oeste
1926,217,99,282.01,2023-05-21,Este
1927,380,82,588.63,2023-07-12,Centro
1928,191,100,2373.0,2022-11-18,Monterrey
1929,274,47,567.24,2022-01-02,Oeste
1930,273,98,1923.52,2024-10-13,Norte
1931,77,1,1692.21,2024-12-20,Centro
1932,133,26,2579.33,2024-06-12,CDMX
1933,447,59,2180.09,2023-08-10,Este
1934,21,16,4340.8,2023-08-01,Este
1935,26,77,3435.07,2022-06-01,Oeste
1936,173,87,1487.76,2021-02-18,Centro
1937,137,23,1473.27,2023-05-05,Norte
1938,229,42,1495.44,2021-03-14,Centro
1939,58,46,3662.2,2023-12-25,CDMX
1940,203,32,884.42,2024-01-01,Norte
1941,65,94,731.78,2023-10-08,Oeste
1942,458,36,1733.48,2023-07-28,CDMX
1943,317,32,4594.69,2023-12-09,Centro
1944,235,6,391.92,2023-02-03,Norte
1945,76,78,4884.45,2024-07-30,Monterrey
1946,452,13,1915.75,2021-06-11,Este
1947,475,82,3748.84,2023-05-16,Oeste
1948,12,24,4752.29,2022-06-11,CDMX
1949,335,96,4415.8,2023-06-07,Norte
1950,407,25,2858.77,2022-09-13,Centro
1951,264,70,4272.68,2022-05-15,CDMX
1952,410,7,1877.44,2023-08-27,Sur
1953,390,56,1381.19,2024-11-11,Monterrey
1954,96,36,2512.8,2021-04-04,Centro
1955,205,24,3394.26,2022-07-13,Norte
1956,209,27,103.41,2023-04-29,CDMX
1957,67,36,1342.6,2024-05-11,Monterrey
1958,500,82,1597.62,2022-03-30,Sur
1959,10,91,1629.8,2021-05-11,Centro
1960,148,94,3563.05,2023-08-02,Centro
1961,216,82,2980.2,2024-01-14,Oeste
1962,244,72,72.71,2022-11-29,Este
1963,178,57,767.38,2023-10-19,Sur
1964,273,90,858.37,2023-03-10,Este
1965,207,5,3306.89,2024-03-16,Norte
1966,324,63,2811.02,2022-12-09,Norte
1967,107,96,4924.49,2023-01-27,Este
1968,150,97,1583.54,2024-10-13,Oeste
1969,16,20,3128.06,2021-12-08,Centro
1970,181,73,2163.34,2021-02-17,Monterrey
1971,499,37,2786.63,2023-10-03,Sur
1972,193,69,667.17,2024-05-28,Monterrey
1973,64,13,1984.79,2022-03-09,Norte
1974,293,38,901.33,2021-11-22,Monterrey
1975,399,95,4894.69,2024-02-01,Oeste
1976,181,97,1096.59,2024-05-12,Este
1977,164,99,1822.24,2021-08-05,CDMX
1978,453,88,4801.59,2024-07-26,Este
1979,258,69,2667.22,2022-04-07,Monterrey
1980,207,64,3786.57,2022-08-10,Monterrey
1981,474,58,793.27,2021-12-30,Oeste
1982,148,1,2668.0,2022-11-16,Monterrey
1983,238,84,869.63,2021-07-21,Oeste
1984,298,84,2096.32,2023-05-07,Oeste
1985,97,82,154.91,2022-04-05,Sur
1986,313,80,2521.77,2021-06-14,Centro
1987,293,94,2049.79,2021-02-16,Este
1988,313,32,840.63,2024-07-05,Oeste
1989,351,12,4759.71,2021-02-16,CDMX
1990,308,84,1952.8,2023-11-14,Monterrey
1991,99,21,2294.27,2022-05-06,Sur
1992,242,92,4607.71,2022-10-23,Sur
1993,151,9,4473.28,2022-02-28,Centro
1994,237,59,1232.78,2024-05-20,Oeste
1995,124,23,4864.3,2023-10-22,CDMX
1996,57,78,4191.0,2021-11-23,Sur
1997,237,93,4812.75,2021-01-15,CDMX
1998,17,88,3387.59,2023-12-01,Oeste
1999,442,50,361.12,2023-05-05,Este
2000,453,92,2691.33,2024-05-28,CDMX
